AppID;Name;Release_Date;Primary_Genre;All_Tags;Price_USD;Review_Score_Pct_SteamDB;Total_Reviews;Positive_Reviews;Steam_Deck_Status;Estimated_Owners;24h_Peak_Players;Is_DLC?
730;Counter-Strike 2;21/8/2012;Action;"FPS;Shooter;Multiplayer;Competitive;Action;Team-Based;eSports;Tactical;First-Person;PvP;Online Co-op;Co-op;Strategy;Military;War;Difficult;Trading;Realistic;Fast-Paced;Moddable";0;85,87;9600588;8271112;Playable;288017640;1446082;No
2868840;Slay the Spire 2;5/3/2026;Indie;"Roguelike;Card Game;Deckbuilding;Strategy;Co-op;Roguelike Deckbuilder;Multiplayer;Turn-Based Combat;Card Battler;Indie;Political;Rougelite;Difficult;Early Access;2D;Dungeon Crawler;Singleplayer;Replay Value;Fantasy;Procedural Generation";24,99;57,24;191728;110118;Verified;5751840;191620;No
3321460;Crimson Desert;19/3/2026;Action;"Open World;Action;Singleplayer;Adventure;Exploration;Combat;Fantasy;Medieval;Action-Adventure;Dragons;Third Person;RPG;Choose Your Own Adventure;Horses;Story Rich;PvE;3D;Artificial Intelligence;Gore;Souls-like";69,99;83,03;151844;127490;Unsupported;4555320;58145;No
3065800;Marathon;5/3/2026;Action;"Extraction Shooter;PvP;Multiplayer;Sci-fi;FPS;Shooter;Futuristic;Action;First-Person;PvE;Cyberpunk;Gun Customization;Class-Based;Survival;Online Co-op;Inventory Management;Character Customization;Psychological Horror;Hero Shooter;LGBTQ+";39,99;83,72;49110;41784;Unsupported;1473300;11975;No
3764200;Resident Evil Requiem;26/2/2026;Action;"Survival Horror;Zombies;Horror;Third-Person Shooter;Action;FPS;First-Person;Action-Adventure;Cinematic;Singleplayer;Realistic;3D;Dark;Story Rich;Post-apocalyptic;Female Protagonist;Violent;Inventory Management;Modern;Metroidvania";69,99;94,84;170172;163485;Playable;5105160;12776;No
2157830;John Carpenter's Toxic Commando;12/3/2026;Action;"Zombies;Online Co-Op;Shooter;FPS;PvE;Action;Adventure;Looter Shooter;First-Person;Action-Adventure;1980s;Horror;Sci-fi;Funny;Supernatural;Vehicular Combat;Co-op;Character Customization;Team-Based;Multiplayer";39,99;74,09;6494;4931;Playable;194820;599;No
1144200;Ready or Not;13/12/2023;Action;"Tactical;Realistic;FPS;Shooter;Multiplayer;Singleplayer;Co-op;Horror;First-Person;Action;Psychological Horror;Violent;Gun Customization;Combat;Crime;Gore;Modern;Atmospheric;Co-op Campaign;America";49,99;77,27;328533;255872;Verified;9855990;10166;No
1172470;Apex Legends™;4/11/2020;Action;"Free to Play;Battle Royale;Multiplayer;FPS;Shooter;First-Person;PvP;Action;Hero Shooter;Team-Based;Tactical;Sci-fi;Loot;Co-op;Survival;Character Customization;Funny;Cyberpunk;Lore-Rich;Cinematic";0;67,38;1047751;708873;Unsupported;31432530;281328;No
1808500;ARC Raiders;30/10/2025;Action;"Extraction Shooter;Multiplayer;PvP;PvE;Third-Person Shooter;Post-apocalyptic;Online Co-Op;Shooter;Survival;Sci-fi;Atmospheric;Third Person;Crafting;Inventory Management;Action;Open World;Combat;Futuristic;Character Customization;Realistic";39,99;83,81;395031;333900;Verified;11850930;96718;No
2852190;Monster Hunter Stories 3: Twisted Reflection;12/3/2026;Adventure;"RPG;Creature Collector;JRPG;Turn-Based Combat;Exploration;Adventure;Cartoony;Dragons;Singleplayer;Character Customization;Anime;Turn-Based;Story Rich;Open World;Fantasy;Multiplayer;Third Person;Cute";69,99;78,8;7772;6286;Verified;233160;1501;No
1167630;Teardown;21/4/2022;Action;"Destruction;Physics;Sandbox;Voxel;Multiplayer;Heist;Singleplayer;Indie;First-Person;Replay Value;Co-op;Co-op Campaign;3D;Simulation;Mod;Action;Driving;Realistic;Online Co-op;Puzzle";29,99;94,51;129995;124578;Verified;3899850;3846;No
2552430;KINGDOM HEARTS -HD 1.5+2.5 ReMIX-;13/6/2024;Action;"Action;RPG;Adventure;JRPG;Great Soundtrack;Action-Adventure;Story Rich;Emotional;Singleplayer;Fantasy;Magic;Colorful;3D;Action RPG;Anime;Hack and Slash;Atmospheric;Character Action Game;Cute;Classic";49,99;83,63;10219;8774;Verified;306570;1849;No
4069520;Super Battle Golf;19/2/2026;Casual;"Multiplayer;Online Co-Op;Co-op;Sports;Physics;Exploration;Comedy;Golf;Exploration;Funny;3D;Action;Adventure;Colorful;Cute;PvP;Character Customization;Third Person;Party Game;Mini Golf;Racing";7,99;91,93;8407;7896;Verified;252210;2947;No
2767030;Marvel Rivals;5/12/2024;Action;"Free to Play;Multiplayer;Hero Shooter;Third-Person Shooter;Superhero;PvP;Action;Team-Based;Competitive;Sexual Content;Shooter;3D;Online Co-op;Third Person;Strategy;Co-op;Sci-fi;Hentai;FPS;Psychological Horror";0;76,04;386960;296366;Playable;11608800;91738;No
1222670;The Sims™ 4;18/6/2020;Adventure;"Life Sim;Free to Play;Character Customization;Building;Simulation;Romance;Singleplayer;Sandbox;Dating Sim;Relaxing;Casual;Realistic;Funny;Family Friendly;Cute;Immersive Sim;Fantasy;Adventure;Cartoony;Nudity";0;85,61;194236;168099;Playable;5827080;28969;No
2778610;Over The Top: WWI;6/3/2026;Action;"Multiplayer;Action;World War I;Third-Person Shooter;FPS;Shooter;Historical;Simulation;3D;Cinematic;Third Person;Realistic;Destruction;Tactical;War;PvP;Team-Based;Singleplayer;PvE;First-Person";19,14;82,71;6134;5230;Playable;184020;595;No
359550;Tom Clancy's Rainbow Six Siege;1/12/2015;Action;"FPS;PvP;Multiplayer;Shooter;Tactical;eSports;Competitive;Online Co-Op;Action;Hero Shooter;Team-Based;Military;Strategy;First-Person;Co-op;Realistic;Destruction;War;Difficult;3D";0;82;1512408;1246931;Unsupported;45372240;77463;No
553850;HELLDIVERS™ 2;8/2/2024;Action;"Online Co-Op;PvE;Third-Person Shooter;Multiplayer;Shooter;Action;Co-op;Sci-fi;Extraction Shooter;Capitalism;Space;Third Person;Comedy;Gore;Great Soundtrack;Violent;Difficult;Psychological Horror;Singleplayer;Open World";39,99;74,89;1141102;858891;Playable;34233060;38955;No
230410;Warframe;25/3/2013;Action;"Free to Play;Looter Shooter;Action RPG;Third-Person Shooter;Action;RPG;Third Person;Massively Multiplayer;Online Co-Op;Character Customization;Co-op;PvE;Sci-fi;Singleplayer;Space;Lore-Rich;Shooter;Hack and Slash;Parkour;Ninja";0;86,7;668324;583827;Verified;20049720;66430;No
2357570;Overwatch®;10/8/2023;Action;"Free to Play;Hero Shooter;FPS;Multiplayer;Team-Based;First-Person;MOBA;Third-Person Shooter;Third Person;PvP;Competitive;Shooter;Action;Co-op;Sci-fi;Online Co-op;PvE;Casual;Cinematic;Lore-Rich";0;30,36;399916;119770;Playable;11997480;71860;No
236390;War Thunder;15/8/2013;Action;"Free to Play;Simulation;Vehicular Combat;Combat;Flight;World War II;VR;War;Military;Tanks;Multiplayer;Naval Combat;Massively Multiplayer;Modern;Cold War;Action;Shooter;Realistic;Third Person;Third-Person Shooter";0;64,68;872757;566657;Verified;26182710;89439;No
3472040;NBA 2K26;4/9/2025;Sports;"Sports;Basketball;Simulation;eSports;3D;Multiplayer;Singleplayer;Controller;Character CustomizationManagement;PvP;Team-Based;Online Co-op;Trading;Local Multiplayer;LGBTQ+;Co-op;Local Co-op;Gambling;NSFW";69,99;65,29;21688;14332;Verified;650640;45998;No
1462040;FINAL FANTASY VII REMAKE INTERGRADE;17/6/2022;Action;"RPG;Action RPG;JRPG;Singleplayer;Action-Adventure;Party-Based RPG;Spectacle fighter;Third Person;Action;Controller;Fantasy;Adventure;3D;Magic;3D Platformer;Story Rich;Cinematic;Realistic;Drama;Sci-fi";39,99;86,26;46569;40860;Verified;1397070;1549;No
3240220;Grand Theft Auto V Enhanced;4/3/2025;Action;"Open World;Sexual Content;Action;Multiplayer;Crime;Mature;Shooter;Third Person;First-Person;Adventure;Automobile Sim;Racing;Third-Person Shooter;Sandbox;Funny;Moddable;Atmospheric;Co-op;PvP;Comedy";29,99;81,31;181282;148918;Unsupported;5438460;71462;No
1149460;ICARUS;3/12/2021;Action;"Survival;Open World Survival Craft;Multiplayer;Base Building;Online Co-Op;Crafting;Open World;Exploration;Building;Co-op;PvE;First-Person;Space;Realistic;Sandbox;Third Person;Mining;Adventure;Nature;Science";34,99;73,55;63745;47444;Unsupported;1912350;7058;No
2975950;Solasta II;12/3/2026;Adventure;"Early Access;Adventure;RPG;Strategy;Party-Based RPG;Turn-Based Strategy;Strategy RPG;CRPG;3D;Fantasy;Top-Down;Medieval;Character Customization;Choices Matter;Class-Based;Dungeons & Dragons;Combat;Controller;Co-op Campaing;Story Rich;Team-Based";39,99;73,57;2649;2013;Playable;79470;90;No
1086940;Baldur's Gate 3;3/8/2023;Adventure;"RPG;Character Customization;Choices Matter;Dungeons & Dragons;Turn-Based Combat;Story Rich;Sexual Content;CRPG;Fantasy;Adventure;Romance;Online Co-op;Multiplayer;Strategy;Singleplayer;Nudity;Co-op Campaign;Class-Based;Dark Fantasy;Combat";59,99;96,03;838759;811968;Verified;25162770;53495;No
3564740;Where Winds Meet;14/11/2025;Action;"Open World;Free to Play;Adventure;Action-Adventure;Action RPG;Character Customization;Souls-like;Singleplayer;Multiplayer;Atmospheric;Fantasy;Martial Arts;Story Rich;MMORPG;Online Co-Op;Action;Co-op;Third Person;Spectacle Fighter;3D";0;85,65;109132;94698;Playable;3273960;27288;No
252490;Rust;8/2/2018;Action;"Survival;Crafting;Multiplayer;Open World;Open World Survival Craft;Building;PvP;Sandbox;Adventure;First-Person;Action;Nudity;FPS;Shooter;Co-op;Online Co-op;Indie;Post-apocalyptic;Early Access;Simulation";39,99;86,45;1359605;1182505;Unsupported;40788150;148224;No
381210;Dead by Daylight;14/6/2016;Action;"Horror;Multiplayer;Survival Horror;Online Co-Op;Co-op;Survival;Gore;Team-Based;Blood;Third Person;Stealth;Violent;First-Person;Psychological Horror;Action;Atmospheric;Strategy;Comedy;Mature;Difficult";19,99;78,07;897379;704754;Verified;26921370;61741;No
686060;Mewgenics;10/2/2026;Adventure;"Turn-Based Tactics;Roguelite;Dark Humor;Turn-Based Strategy;Cats;Turn-Based Combat;RPG;Funny;Cute;2D;Comic Book;Horror;Cartoony;Surreal;Post-apocalyptic;Choices Matter;Nonlinear;Tactical;Great Soundtrack;Magic";29,99;90,24;47273;43435;Verified;1418190;9036;No
2833580;BRAVELY DEFAULT FLYING FAIRY HD Remaster;12/3/2026;RPG;"RPG;Violent;JRPG;Turn-Based;Fantasy;Anime;Party-Based RPG;Singleplayer;Class-Based;Emotional;Story Rich;Drama;Medieval;Top-Down;2.5D;Controller;Turn-Based Tactics;Great Soundtrack;Minigames;Character Customization";39,99;86,89;710;659;Verified;21300;207;No
1158310;Crusader Kings III;1/9/2020;RPG;"Strategy;Medieval;Grand Strategy;Simulation;RPG;Historical;Management;Character Customization;Life Sim;Sandbox;Choices Matter;RTS;War;Singleplayer;Economy;Political;Multiplayer;Moddable;4X;Real-Time with Pause";49,99;88,63;143227;128544;Playable;4296810;24098;No
3164500;Schedule I;24/3/2025;Action;"Simulation;Co-op;Crime;Management;Multiplayer;Open World;First-Person;Crafting;Automation;Base Building;Action;Building;Stealth;Strategy;Character Customization;Driving;Shooter;FPS;Early Access;Action-Adventure";19,99;96,8;298070;291728;Playable;8942100;19380;No
3717070;WWE 2K26;12/3/2026;Simulation;"Simulation;Sports;3D Fighter;Wrestling;Sandbox;Multiplayer;Character Customization";69,99;52,33;2347;1234;Unsupported;70410;1321;No
376210;The Isle;1/12/2015;Action;"Dinosaurs;Survival;Open World;Multiplayer;Simulation;Hunting;Realistic;Massively Multiplayer;Adventure;Early Access;Horror;Action;Third Person;Co-op;Sandbox;Walking Simulator;RPG;Strategy;Team-Based;Indie";19,99;79,33;111593;89547;Playable;3347790;17024;No
1062090;Timberborn;12/3/2026;Indie;"City Builder;Colony Sim;Voxel;Sandbox;Automation;Nature;Building;Management;Base Building;Survival;Physics;Strategy;Science;Farming Sim;Simulation;3D;Post-apocalyptic;Stylized;Lever Editor;Resource Management";34,99;93,93;39603;37949;Playable;1188090;6417;No
2050650;Resident Evil 4;23/3/2023;Action;"Horror;Action;Third-Person Shooter;Survival Horror;Singleplayer;Zombies;Story Rich;Survival;Remake;Dark;Cinematic;VR;Realistic;Third Person;Gore;Resource Management;Adventure;Action-Adventure;Violent";39,99;96,14;249349;242523;Verified;7480470;12060;No
2344520;Diablo® IV;17/10/2023;Action;"Action RPG;Hack and Slash;Loot;Isometric;RPG;Online Co-Op;Dungeon Crawler;Co-op;Singleplayer;Multiplayer;Demons;PvE;Dark;Dark Fantasy;Character Customization;Story Rich;Exploration;Gore;Violent";49,99;64,26;70456;45640;Verified;2113680;45568;No
524220;NieR:Automata™;17/3/2017;Action;"Hack and Slash;RPG;Great Soundtrack;Story Rich;Female Protagonist;Action;Spectacle fighter;Open World;JRPG;Anime;Post-apocalyptic;Singleplayer;Robots;Atmospheric;Sci-fi;Nudity;Adventure;Bullet Hell;Character Action Game;Violent";39,99;86,33;150660;131613;Playable;4519800;1034;No
1245620;ELDEN RING;24/2/2022;Action;"Souls-like;Open World;Dark Fantasy;RPG;Difficult;Action RPG;Multiplayer;Third Person;Fantasy;Singleplayer;Online Co-op;Action;Co-op;Atmospheric;Great Soundtrack;PvP;Violent;3D;Character Customization;Family Friendly";59,99;92,39;1132440;1053626;Verified;33973200;40248;No
3280350;DEATH STRANDING 2: ON THE BEACH;19/3/2026;Action;"Open World;Exploration;Sci-fi;Walking Simulator;Action;Atmospheric;Third-Person Shooter;Post-apocalyptic;Third Person;Action-Adventure;Adventure;Emotional;Singleplayer;Realistic;Asynchronous Multiplayer;Stealth;Dystopian;Horror;Violent;Great Soundtrack";69,99;93,33;21745;20786;Verified;652350;7100;No
2515020;FINAL FANTASY XVI;17/9/2024;Action;"Action RPG;Story Rich;Spectacle fighter;JRPG;Action;Fantasy;Dark Fantasy;Singleplayer;RPG;Cinematic;Third Person;3D;Emotional;Magic;Drama;Atmospheric;Party-Based RPG;Great Soundtrack;Hack and Slash;Violent";49,99;77,45;30819;24264;Unsupported;924570;1477;No
1004640;FINAL FANTASY TACTICS - The Ivalice Chronicles;30/9/2025;RPG;"Turn-Based Strategy;Turn-Based Tactics;Tactical RPG;Fantasy;Medieval;Story Rich;JRPG;Strategy RPG;Emotional;RPG;Turn-Based Combat;Top-Down;Pixel Graphics;Class-Based;Magic;Atmospheric;Singleplayer;Narration;Strategy;Simulation";49,99;86,97;6080;5464;Verified;182400;468;No
3643170;Roadside Research;12/2/2026;Casual;"Early Access;Online Co-Op;Simulation;Multiplayer;Funny;Immersive Sim;Aliens;Management;Co-op;Life Sim;First-Person;America;Character Customization;Comedy;Economy;Sci-fi;Singleplayer;Casual;Sandbox;Physics;3D";12,99;83,45;3489;3021;Playable;104670;1006;No
2909400;FINAL FANTASY VII REBIRTH;23/1/2025;Action;"RPG;Action;Adventure;JRPG;Singleplayer;Open World;Action RPG;Party-Based RPG;Action-Adventure;Story Rich;Spectacle fighter;Third Person;Cinematic;Fantasy;Realistic;Atmospheric;Drama;Emotional;Magic;Anime";49,99;75,11;30578;23327;Verified;917340;2257;No
1721470;Poppy Playtime;12/10/2021;Action;"Horror;Singleplayer;Free to Play;Puzzle;First-Person;Survival Horror;Dark;Psychological Horror;Mystery;Survival;Indie;Adventure;Atmospheric;Lore-Rich;Thriller;1980s;Action;Cartoony;Action-Adventure;Physics";0;86,74;137638;120867;Playable;4129140;1968;No
699130;World War Z;21/9/2021;Action;"Zombies;Multiplayer;Online Co-Op;Singleplayer;Co-op;Action;Shooter;Third-Person Shooter;PvE;Survival Horror;FPS;Post-apocalyptic;Gore;Gun Customization;First-Person;Character Customization;Third Person;Violent;Horror;Combat";29,99;81,22;30725;25403;Unsupported;921750;3412;No
3405690;EA SPORTS FC™ 26;25/9/2025;Simulation;"Football (Soccer);Multiplayer;Sports;Controller;Simulation;Singleplayer;Competitive;Local Co-Op;Realistic;Online Co-Op;PvP;Family Friendly;Local Multiplayer;eSports;Modern;Character Customization;First-Person;Steam Machine;Anime;JRPG";40;46,5;64315;29822;Unsupported;1929450;64712;No
2141910;Magic: The Gathering Arena;23/5/2023;Strategy;"Strategy;Card Game;Free To Play;Trading Card Game; Deckbuilding;PvP;Multiplayer;Turn-Based Strategy;Fantasy;Magic;eSports;Tactical;Gambling;Card Battler;Turn-Based;Sexual Content;LGBTQ+";0;60,81;28537;17502;Playable;856110;9739;No
2807960;Battlefield™ 6;10/10/2025;Action;"Multiplayer;FPS;Action;Military;Singleplayer;Shooter;War;Modern;Combat;Realistic;Battle Royale;Tactical;Epic;Destruction;Violent;PvP;Artificial Intelligence;Atmospheric;Co-op;Sandbox";69,99;65,06;340691;222790;Unsupported;10220730;64548;No
3241660;R.E.P.O.;26/2/2025;Action;"Horror;Online Co-Op;Multiplayer;Comedy;Co-op;Physics;First-Person;3D;Stealth;Survival;Robots;Action;Exploration;Funny;Procedural Generation;Action Rougelike;Post-apocalyptic;Sci-fi;Perma Death;Early Access";9,99;95,19;387186;372264;Playable;11615580;88593;No
990080;Hogwarts Legacy;10/2/2023;Action;"Magic;Open World;Fantasy;Singleplayer;Adventure;RPG;Character Customization;Exploration;Story Rich;Third Person;Action-Adventure;Atmospheric;Action RPG;Action;Combat;Choices Matter;Puzzle;Great Soundtrack;Dark;Family Friendly";59,99;89;366217;329024;Verified;10986510;6474;No
526870;Satisfactory;10/9/2024;Adventure;"Base Building;Automation;Open World;Crafting;Multiplayer;Co-op;Building;Resource Management;Sandbox;Exploration;Adventure;Open World Survival Craft;Survival;First-Person;Simulation;Strategy;Singleplayer;Sci-fi;Indie;Early Access";39,99;96,16;269710;262320;Verified;8091300;21466;No
39210;FINAL FANTASY XIV Online;18/2/2014;Massively Multiplayer;"MMORPG;RPG;Character Customization;Massively Multiplayer;Fantasy;JRPG;Open World;Story Rich;Multiplayer;Online Co-op;Magic;Adventure;Co-op;Third Person;Exploration;Action;Crafting;Atmospheric;Action RPG;Female Protagonist";19,99;85,34;84364;73011;Playable;2530920;30740;No
1151340;Fallout 76;14/4/2020;RPG;"Open World;Multiplayer;Post-apocalyptic;RPG;Dark Comedy;Capitalism;Survival;Base Building;Co-op;Shooter;MMORPG;Horror;Singleplayer;Exploration;FPS;Gore;Violent;Atmospheric;Great Soundtrack;Character Customization";39,99;71,41;138466;99739;Playable;4153980;7906;No
3224770;Umamusume: Pretty Derby;24/6/2025;Simulation;"Anime;Horses;Cute;Free to Play;Gambling;Rougelite;Racing;Sports;Management;Simulation;Rougelike;Funny;Visual Novel;3D;Story Rich;PvP;Singleplayer;Emotional;Multiplayer;Dating Sim";0;92,17;56022;52548;Playable;1680660;9269;No
578080;PUBG: BATTLEGROUNDS;21/12/2017;Action;"Survival;Shooter;Battle Royale;Multiplayer;FPS;PvP;Third-Person Shooter;Action;Online Co-Op;Tactical;Co-op;First-Person;Strategy;Early Access;Competitive;Third Person;Team-Based;Difficult;Simulation;Stealth";0;60,2;2711824;1635800;Unsupported;81354720;799767;No
801800;Atomfall;27/3/2025;Action;"Adventure;Action;Open World;Singleplayer;Post-apocalyptic;First-Person;FPS;Action RPG;Action-Adventure;Survival;Atmospheric;Exploration;Violent;Gore;Immersive Sim;Story Rich;Sci-fi;Choices Matter;Stealth;Survival Horror";49,99;76,05;5085;3977;Verified;152550;188;No
2129530;REANIMAL;13/2/2026;Adventure;"Horror;Co-op;Adventure;Atmospheric;Multiplayer;Dark;Local Co-Op;3D;Puzzle;Third Person;Online Co-op;Cinematic;Local Multiplayer;Exploration;Surreal;Controller;Stealth;Stylized;Mystery;Singleplayer";39,99;72,5;21418;15780;Verified;642540;1605;No
1466060;Tainted Grail: The Fall of Avalon;23/5/2025;Action;"Adventure;Open World;RPG;Dark Fantasy;First-Person;Character Customization;Third Person;Exploration;Singleplayer;Action RPG;Choices Matter;Story Rich;Action;Nonlinear;Survival Horror;Immersive;Narrative;Multiple Endings;Immersive Sim;FPS";44,99;86,27;31321;27547;Verified;939630;2216;No
2221490;Tom Clancy’s The Division® 2;12/1/2023;Action;"Looter Shooter;Open World;Singleplayer;Multiplayer;Third-Person Shooter;Online Co-Op;Shooter;Action;Adventure;RPG;Co-op;Post-apocalyptic;Loot;Character Customization;PvE;Massively Multiplayer;Survival;Military;PvP;Story Rich";29,99;77,26;33746;26666;Playable;1012380;7394;No
2399830;ARK: Survival Ascended;25/10/2023;Action;"Early Access;Survival;Open World;Multiplayer;Dinosaurs;Base Building;Crafting;Building;Adventure;Sandbox;Action;Character Customization;Singleplayer;PvE;PvP;Massively Multiplayer;Inventory Management;RPG;Fantasy;Sci-fi;Moddable";44,99;59,95;104704;63097;Verified;3141120;25514;No
646570;Slay the Spire;23/1/2019;Indie;"Roguelike Deckbuilder;Card Game;Card Battler;Roguelike;Deckbuilding;Turn-Based;Strategy;Singleplayer;Roguelite;Replay Value;Indie;Difficult;Dungeon Crawler;Mouse Only;RPG;2D;Fantasy;Procedural Generation;Great Soundtrack;Casual";24,99;96,11;214854;209022;Verified;6445620;18663;No
238960;Path of Exile;23/10/2013;Action;"Free To Play;Action RPG;Dark Fantasy;Hack and Slash;Loot;MMORPG;Multiplayer;Dungeon Crawler;Isometric;RPG;Character Customization;Online Co-op;Singleplayer;Inventory Management;Action;PvP;Horror;Massively Multiplayer;Fantasy;Adventure";0;88,11;247036;219959;Playable;7411080;10197;No
2057760;Esoteric Ebb;3/3/2026;Indie;"Story Rich;Choices Matter;RPG;Dungeons & Dragons;Isometric;CRPG;Interactive Fiction;Singleplayer;Hand-drawn;Nonlinear;Political;Narrative;Point & Click;Adventure;Atmospheric;Exploration;Funny;Tabletop;Turn-Based;Character Customization";24,99;92,58;6356;6093;Verified;190680;497;No
3495730;Lucid Blocks;12/3/2026;Action;"Psychedelic;Surreal;Atmospheric;Psychological Horror;Open World;Sandbox;Voxel;Horror;3D;First-Person;Pixel Graphics;Exploration;Lovecraftian;Procedural Generation;Crafting;Building;Survival;Adventure;Acrion-Adventure;Action";9,99;90,18;3873;3634;Unsupported;116190;176;No
529340;Victoria 3;25/10/2022;Simulation;"Grand Strategy;Economy;Historical;Political Sim;Strategy;Capitalism;Politics;Diplomacy;Management;Simulation;Alternate History;Moddable;Political;Resource Management;Real-Time with Pause;Sandbox;Multiplayer;Singleplayer;Replay Value;Military";49,99;68,71;61116;42424;Playable;1833480;10890;No
1874880;Arma Reforger;16/11/2023;Action;"Military;Simulation;Shooter;Realistic;Action;FPS;Strategy;Multiplayer;First-Person;Sandbox;War;Real Time Tactics;Tactical;Open World;Third Person;PvE;PvP;Singleplayer;Cold War;1980s";39,99;78,35;50215;39913;Unsupported;1506450;16702;No
739630;Phasmophobia;18/9/2020;Action;"Horror;Online Co-Op;Multiplayer;Psychological Horror;Co-op;VR;Supernatural;First-Person;Investigation;Dark;Detective;Demons;Mystery;Thriller;3D;Early Access;Indie;Action;Tactical;Singleplayer";19,99;94;827156;783629;Unsupported;24814680;25809;No
3606480;Call of Duty®: Black Ops 7;13/11/2025;Action;"FPS;Action;Shooter;Multiplayer;Singleplayer;Zombies;Violent;First-Person;Gore;PvP;Futuristic;Mature;Cinematic;Co-op;War;Military;Online Co-op;Gun Customization;Psychological;PvE";69,99;39,79;4291;1669;Unknown;128730;44430;Yes
582660;Black Desert;24/5/2017;Action;"Sandbox;Action RPG;Exploration;MMORPG;War;Crafting;Medieval;PvP;First-Person;Action-Adventure;Open World;Character Customization;RPG;Strategy;3D;Cooking;Fantasy;Action;Magic;Cinematic";9,99;72,9;92872;68405;Unsupported;2786160;23023;No
3949040;RV There Yet?;21/10/2025;Action;"Multiplayer;Co-op;Funny;Online Co-Op;Adventure;Driving;Physics;First-Person;Exploration;Indie;3D;Atmospheric;Offroad;Casual;Singleplayer;Psychological Horror;Controller;Action;Character Customization;Stylized";7,99;89,17;78345;70925;Verified;2350350;6625;No
413150;Stardew Valley;26/2/2016;Indie;"Farming Sim;Pixel Graphics;Multiplayer;Life Sim;RPG;Relaxing;Simulation;Agriculture;Crafting;Indie;Sandbox;Building;Casual;Open World;Singleplayer;2D;Dating Sim;Cute;Great Soundtrack;Fishing";14,99;97,72;1004677;989358;Verified;30140310;117172;No
780310;The Riftbreaker;14/10/2021;Action;"Base Building;Online Co-Op;Multiplayer;Tower Defense;Survival;Hack and Slash;Action RPG;Exploration;Sandbox;Crafting;Building;Isometric;Singleplayer;RTS;Economy;Strategy;Procedural Generation;Strategy RPG;Co-op Campaign;Resource Management";29,99;88,5;23742;21474;Playable;712260;1852;No
306130;The Elder Scrolls® Online;22/5/2017;Action;"RPG;MMORPG;Open World;Fantasy;Adventure;Multiplayer;Exploration;Singleplayer;Massively Multiplayer;Action;Character Customization;PvP;PvE;Lore-Rich;Story Rich;Choose Your Own Adventure;Class-Based;Magic;Action RPG;Atmospheric";19,99;80,14;159918;129500;Playable;4797540;14274;No
1774580;STAR WARS Jedi: Survivor™;27/4/2023;Action;"Action;Singleplayer;Open World;Adventure;Souls-like;Third Person;Sci-fi;Action-Adventure;Story Rich;Space;Swordplay;Exploration;Parkour;Combat;RPG;Character Customization;Atmospheric;Great Soundtrack;Difficult;Multiplayer";69,99;69,96;82350;58174;Playable;2470500;4238;No
394360;Hearts of Iron IV;6/6/2016;Simulation;"Strategy;World War II;Grand Strategy;War;Historical;Military;Alternate History;Multiplayer;Simulation;Tactical;Singleplayer;Real-Time with Pause;RTS;Diplomacy;Sandbox;Co-op;Strategy RPG;Open World;Competitive;Action";49,99;88,03;378135;335938;Playable;11344050;65690;No
1091500;Cyberpunk 2077;9/12/2020;RPG;"Cyberpunk;Open World;Nudity;RPG;Singleplayer;Story Rich;Mature;Sci-fi;FPS;Futuristic;First-Person;Atmospheric;Exploration;Action;Violent;Great Soundtrack;Action RPG;Adventure;Character Customization;Immersive Sim";59,99;85,38;945626;812787;Verified;28368780;42043;No
1669000;Age of Wonders 4;2/5/2023;RPG;"Strategy;4X;Turn-Based Strategy;Character Customization;Fantasy;RPG;Grand Strategy;Dark Fantasy;Turn-Based Combat;War;Tactical;Tactical RPG;Simulation;Strategy RPG;Singleplayer;Exploration;Multiplayer;Choices Matter;Co-op;Moddable";49,99;79,73;22195;18037;Playable;665850;3945;No
2300320;Farming Simulator 25;12/11/2024;Simulation;"Simulation;Farming Sim;Realistic;Multiplayer;3D;First-Person;Economy;Time Management;Building;Third Person;Immersive Sim;Management;Atmospheric;Relaxing;Online Co-op;Nature;Farming;Physics;Singleplayer;Moddable";29,99;85,26;51896;44971;Playable;1556880;44055;No
3230400;EA SPORTS™ Madden NFL 26;14/8/2025;Simulation;"Simulation;Sports;Football (American);Competitive;Strategy;LGBTQ+;Multiplayer";69,99;52,16;5478;2867;Unsupported;164340;2901;No
3897800;Poker Night at the Inventory;5/3/2026;Casual;"Casual;Card Game;Comedy;Funny;Gambling;Cartoon;3D;Singleplayer;Cartoony;Conversation;Comic Book;Indie;Controller;Cult Classic;Psychological Horror";9,99;91,92;7746;7355;Verified;232380;199;No
3834090;YAPYAP;3/2/2026;Action;"Online Co-Op;Multiplayer;Horror;Comedy;Magic;Physics;Dark Fantasy;Survival Horror;Procedural Generation;First-Person;Dungeon Crawler;Action;Exploration;Funny;Co-op;Stealth;Stylized;Action Rougelike;Fantasy;PvE";9,99;82,54;7940;6739;Playable;238200;1879;No
1973530;Limbus Company;26/2/2023;Unknown;"Story Rich;Lore-Rich;Free to Play;Turn-Based Combat;Turn-Based Tactics;Visual Novel;Singleplayer;Strategy;RPG;Great Soundtrack;Strategy RPG;Turn-Based Strategy;Anime;PvE;Dark Fantasy;2D;Action;Sci-fi;Rougelite;Colorful";0;86,51;105253;92269;Playable;3157590;62371;No
440;Team Fortress 2;10/10/2007;Action;"Free to Play;Hero Shooter;Multiplayer;FPS;Shooter;Action;Class-Based;Team-Based;Funny;First-Person;Online Co-op;Competitive;Cartoony;Trading;Co-op;Comedy;Robots;Tactical;Cartoon;Crafting";0;90,32;1230941;1119137;Playable;36928230;57235;No
1203620;Enshrouded;24/1/2024;Action;"Open World;Survival;Base Building;Multiplayer;Online Co-Op;Crafting;RPG;Adventure;Exploration;Building;Action RPG;Fantasy;Singleplayer;Sandbox;Character Customization;Early Access;PvE;Action;3D;Indie";29,99;84,87;101291;87101;Unsupported;3038730;20713;No
3513350;Wuthering Waves;28/4/2025;Action;"Open World;Anime;Free to Play;Action;Adventure;RPG;Story Rich;Combat;Exploration;3D;Souls-like;Third Person;Singleplayer;Post-apocalyptic;Co-op;Multiplayer;Great Soundtrack;Hack and Slash;Gambling;Hentai";0;87,57;45603;40641;Playable;1368090;20298;No
270880;American Truck Simulator;2/2/2016;Indie;"Automobile Sim;Driving;Open World;Simulation;Transportation;America;Realistic;Moddable;Relaxing;Exploration;Economy;Management;Atmospheric;Immersive Sim;Multiplayer;Singleplayer;Adventure;Casual;Famili Friendly;Level Editor";19,99;95,63;193360;187230;Verified;5800800;13818;No
3527290;PEAK;16/6/2025;Action;"Multiplayer;Online Co-Op;Co-op;Physics;Adventure;Exploration;First-Person;Comedy;3D;Procedural Generation;Atmospheric;Action Rougelike;Action;Time Management;Character Customization;Horror;Platformer;Mystery;Investigation;Survival Horror";7,99;93,78;320756;303968;Verified;9622680;20603;No
2893570;DRAGON QUEST I & II HD-2D Remake;30/10/2025;RPG;"RPG;2.5D;Pixel Graphics;1980s;Atmospheric;Fantasy;Emotional;Lore-Rich;Magic;Turn-Based Combat;Combat;Singleplayer;Colorful;Cute;Nostalgia;Old School;Party-Based RPG;JRPG;Remake;Turn-Based";59,99;81,49;1844;1570;Playable;55320;347;No
960090;Bloons TD 6;17/12/2018;Strategy;"Tower Defense;Strategy;Multiplayer;Singleplayer;Online Co-Op;Co-op;Family Friendly;Casual;3D;Cartoony;Sandbox;2D;Great Soundtrack;Difficult;Touch-Friendly;Cute;Funny;Addictive;Survival;Action";13,99;96,23;386474;375694;Playable;11594220;12161;No
2483190;Forza Horizon 6;18/5/2026;Racing;"Racing;Open World;Driving;Multiplayer;Automobile Sim;Simulation;Exploration;Sports;Realistic;Arcade;Atmospheric;Singleplayer;VR;First-Person;Online Co-op;Co-op;PvP;Sandbox;Funny;RPG";69,99;72,8;15500;11488;Verified;465000;178009;No
1962663;Call of Duty®: Warzone™;16/11/2022;Action;"Free to Play;FPS;Battle Royale;Multiplayer;Shooter;Action;Singleplayer;Violent;First-Person;Military;Gore;Online Co-op;Pvp;Survival;Co-op;Open World;Realistic;Adventure;Third Person;Atmospheric";0;31,57;49939;15395;Unknown;1498170;33;Yes
1174180;Red Dead Redemption 2;5/12/2019;Action;"Open World;Story Rich;Western;Multiplayer;Adventure;Action;Realistic;Singleplayer;Shooter;Horses;Beautiful;Atmospheric;Mature;Third-Person Shooter;Great Soundtrack;Third Person;Gore;Sandbox;First-Person;FPS";59,99;91,65;876131;809006;Playable;26283930;45012;No
1361210;Warhammer 40,000: Darktide;30/11/2022;Action;"Horror;Team-Based;Combat;Co-op;Warhammer 40K;FPS;PvE;Class-Based;Hack and Slash;Shooter;Zombies;First-Person;Character Customization;Dark;Action-Adventure;Action;Narration;Dark Fantasy;Realistic;Atmospheric";39,99;70,38;132021;93708;Playable;3960630;5392;No
284160;BeamNG.drive;29/5/2015;Racing;"Simulation;Driving;Physics;Realistic;Destruction;Automobile Sim;Sandbox;Open World;Racing;Multiplayer;Moddable;Singleplayer;Early Access;First-Person;VR;Third Person;Funny;Action;Adventure;Exploration";24,99;96,46;393514;383431;Playable;11805420;32113;No
1623730;Palworld;18/1/2024;Action;"Open World;Survival;Creature Collector;Multiplayer;Open World Survival Craft;Online Co-Op;Crafting;PvP;Co-op;Indie;Adventure;Base Building;Sandbox;Building;Automation;Third-Person Shooter;RPG;Action;Exploration;Early Access";29,99;93,35;420904;396706;Verified;12627120;24831;No
2827200;MIMESIS;27/10/2025;Action;"Early Access;Online Co-Op;Horror;Funny;Psychological Horror;Survival Horror;PvE;Action;Exploration;First-Person;Action-Adventure;Casual;Procedural Generation;Time Management;Sci-fi;Supernatural;Atmospheric;Dungeon Crawler;Indie;PvP;Adventure";9,99;82,57;9289;7876;Verified;278670;1001;No
2183900;Warhammer 40,000: Space Marine 2;9/9/2024;Action;"Warhammer 40K;Action;Co-op;Third-Person Shooter;Multiplayer;PvE;Adventure;Action-Adventure;Third Person;Sci-fi;Wargame;Singleplayer;3D;War;Space;Fantasy;Narration;Cinematic;Futuristic;Realistic";59,99;82,81;209179;174979;Playable;6275370;11719;No
2073850;THE FINALS;7/12/2023;Action;"Destruction;Free to Play;FPS;Multiplayer;Shooter;PvP;Team-Based;Competitive;Action;First-Person;Arena Shooter;Tactical;Character Customization;Online Co-op;Combat;Co-op;Class-Based;Atmospheric;Realistic;Battle Royale";0;77,65;267310;209328;Playable;8019300;18856;No
883710;Resident Evil 2;24/1/2019;Action;"Zombies;Survival Horror;Horror;Singleplayer;Remake;Third Person;Gore;Action;Puzzle;Atmospheric;Story Rich;Multiplayer;Violent;Survival;Classic;Female Protagonist;dark;Shooter;Adventure;Difficult";39,99;95,87;210486;204258;Verified;6314580;4525;No
4045750;Out of the Park Baseball 27;13/3/2026;Indie;"Simulation;Sports;Strategy;Sandbox;Baseball;Trading Card Game;2D;3D;Management;America;Historical;Indie;PvP;Choices Matter;Resource Management;Trading;Multiplayer;Singleplayer;Competitive;Family Friendly";49,99;74,72;288;231;Playable;8640;1110;No
266410;iRacing;12/1/2015;Massively Multiplayer;"Racing;Automobile Sim;Simulation;VR;Driving;Sports;Multiplayer;Realistic;Massively Multiplayer;Singleplayer;Controller;eSports;First-Person;Action;Split Screen";9,99;83,2;6926;5935;Unknown;207780;952;No
294100;RimWorld;17/10/2018;Indie;"Colony Sim;Base Building;Survival;Strategy;Management;Sandbox;Singleplayer;Moddable;Simulation;Sci-fi;Story Rich;Replay Value;Open World;Procedural Generation;2D;Indie;City Builder;Tactical RPG;Building;Atmospheric";34,99;96,74;239250;234198;Verified;7177500;37870;No
2186680;Warhammer 40,000: Rogue Trader;7/12/2023;Action;"RPG;Character Customization;CRPG;Choices Matter;Turn-Based Strategy;Turn-Based Combat;Strategy;Adventure;Warhammer 40K;Atmospheric;Tactical RPG;Fantasy;Co-op;Dark Fantasy;Action;Multiplayer;Story Rich;Sci-fi;Singleplayer;Space";49,99;86,3;43617;38304;Verified;1308510;4714;No
3014320;OCTOPATH TRAVELER 0;4/12/2025;RPG;"RPG;JRPG;Party-Based RPG;Singleplayer;2.5D;Pixel Graphics;Turn-Based;Character Customization;Anime;Strategy;Controller;Violent;Fantasy;Dark;Medieval;Drama;Building;Story Rich;Emotional;Top-Down";49,99;75,73;3354;2622;Verified;100620;664;No
2958130;Jurassic World Evolution 3;21/10/2025;Simulation;"Simulation;Dinosaurs;Strategy;Sandbox;City Builder;Sequel;Action;Management;Resource Management;Economy;Atmospheric;Sci-fi;Survival;Base Building;Singleplayer;Building;Open World;Multiplayer;Violent;Artificial Intelligence";59,99;90,22;10368;9629;Playable;311040;1600;No
2246340;Monster Hunter Wilds;27/2/2025;Action;"Hunting;Action;Multiplayer;Online Co-Op;Co-op;Character Customization;Dragons;Open World;Dating Sim;Third Person;Action RPG;Adventure;Fantasy;RPG;Cute;Singleplayer;Atmospheric;Great Soundtrack;Underwater;Souls-like";69,99;48,4;318458;154010;Unsupported;9553740;18332;No
2397300;Half Sword;30/1/2026;Action;"Early Access;Physics;Gore;Combat;Medieval;Blood;Swordplay;Realistic;Historical;Simulation;Fighting;Action;Sandbox;Singleplayer;Third Person;Immersive;Hack and Slash;3D Fighter;First-Person;3D;Adventure";24,99;66,74;23693;16013;Playable;710790;1120;No
1562430;DREDGE;30/3/2023;Adventure;"Exploration;Fishing;Lovecraftian;Open World;Adventure;Inventory Management;Mystery;Atmospheric;Psychological Horror;Singleplayer;Horror;RPG;Simulation;Stylized;Survival Horror;Indie;Story Rich;Sailing;Psychological;3D";24,99;94,1;54055;51799;Verified;1621650;850;No
311210;Call of Duty®: Black Ops III;5/11/2015;Action;"Multiplayer;Zombies;FPS;Shooter;Action;First-Person;Singleplayer;Co-op;Futuristic;Illuminati;Hero Shooter;Robots;Sci-fi;Gore;Great Soundtrack;Story Rich;Atmospheric;Parkour;Quick-Time Events;Split Screen";59,99;84,09;228505;194092;Playable;6855150;10173;No
2963800;DrainSim;3/3/2026;Casual;"Early Access;Simulation;Casual;Relaxing;First-Person;Sandbox;Physics;3D;Underwater;Realistic;Immersive Sim;Linear;Nature;Singleplayer;Atmospheric;America;Funny;Colorful;Cozy;Story Rich;Wholesome";14,99;87,85;1625;1502;Playable;48750;289;No
1693980;Dead Space;27/1/2023;Action;"Horror;Third-Person Shooter;Survival Horror;Sci-fi;Space;Psychological Horror;Singleplayer;Shooter;Action-Adventure;Atmospheric;Third Person;Action;Aliens;Remake;Survival;Dark;Violent;Adventure;Combat;Blood";59,99;89,21;65075;58996;Playable;1952250;851;No
489830;The Elder Scrolls V: Skyrim Special Edition;27/10/2016;RPG;"Open World;RPG;Adventure;Fantasy;Singleplayer;Character Customization;Moddable;Dragons;Story Rich;Magic;First-Person;Action;Atmospheric;Great Soundtrack;Third Person;Stealth;Classic;Remake;Female Protagonist;Walking Simulator";39,99;91,45;365778;337786;Unsupported;10973340;31045;No
1172620;Sea of Thieves: 2026 Edition;3/6/2020;Action;"Multiplayer;Open World;Adventure;Pirates;Co-op;Online Co-Op;PvP;Sailing;Action;First-Person;Exploration;Naval;PvE;Funny;Massively Multiplayer;FPS;Atmospheric;Singleplayer;Great Soundtrack;Swordplay";39,99;87,94;368972;327481;Verified;11069160;8028;No
1085660;Destiny 2;1/10/2019;Action;"Free to Play;Open World;Multiplayer;Looter Shooter;MMORPG;FPS;Co-op;PvE;PvP;Shooter;Loot;Massively Multiplayer;First-Person;Sci-fi;Action;Adventure;Space;Lore-Rich;Atmospheric;Competitive";0;76,76;646345;499258;Unsupported;19390350;13146;No
2139460;Once Human;9/7/2024;Action;"Free to Play;Survival;Multiplayer;Open World Survival Craft;Co-op;Open World;Base Building;Adventure;Post-apocalyptic;Horror;Massively Multiplayer;Third Person;Online Co-op;Shooter;PvP;Singleplayer;RPG;Action-Adventure;Simulation;MMORPG";0;77;172407;134015;Unsupported;5172210;17341;No
2073620;Arena Breakout: Infinite;15/9/2025;Action;"Free to Play;Extraction Shooter;Multiplayer;FPS;Realistic;Gun Customizacion;Shooter;First-Person;Tactical;Heist;Resource Management;Survival;MOBA;Tactical RPG;Action;War;Sniper;3D;Noir;Adventure";0;72,95;55130;40709;Unsupported;1653900;28010;No
2479810;Gray Zone Warfare;30/4/2024;Action;"FPS;Tactical;Realistic;Extraction Shooter;Simulation;Open World;Military;Shooter;Action;PvE;Competitive;Gun Customization;Multiplayer;PvP;Modern;Online Co-op;Survival;War;Massively Multiplayer;Early Access";39,99;71,26;74781;53850;Unsupported;2243430;10595;No
1771300;Kingdom Come: Deliverance II;4/2/2025;Action;"RPG;Medieval;Open World;Singleplayer;Story Rich;First-Person;Realistic;Adventure;Action;Historical;Combat;Swordplay;Political;Immersive;Choices Matter;Atmospheric;Alternate History;LGBTQ+;3D";59,99;92,92;182086;171280;Playable;5462580;23132;No
2537590;Microsoft Flight Simulator 2024;19/11/2024;Simulation;"Simulation;Flight;Realistic;VR;Multiplayer;Hobby Sim;Singleplayer;Atmospheric;Sandbox;Exploration;Family Friendly;Open World;Nature;Relaxing;Nonlinear;Immersive Sim;Physics;Character Customization;Colorful;Psychological Horror";69,99;56,43;19907;11302;Unsupported;597210;6658;No
1113560;NieR Replicant™ ver.1.22474487139...;23/4/2021;Action;"Great Soundtrack;Story Rich;Action;RPG;JRPG;Adventure;Hack and Slash;Singleplayer;Post-apocalyptic;Atmospheric;Anime;Dark Fantasy;Cult Classic;Bullet Hell;Nudity;Action RPG;Violent;Magic;Character Action Game;Dark Humor";59,99;86,49;27761;24499;Playable;832830;377;No
1172710;Dune: Awakening;10/6/2025;Action;"Open World Survival Craft;Survival;Multiplayer;Open World;Adventure;PvP;RPG;Base Building;Exploration;PvE;Sci-fi;Building;Character Customization;Sandbox;Online Co-op;Action;Third Person;Crafting;Massively Multiplayer;Lore-Rich";49,99;69,61;75748;53254;Verified;2272440;10801;No
4025700;Heartopia;16/1/2026;Casual;"Free to Play;Multiplayer;Artificial Intelligence;Cute;Casual;Life Sim;Relaxing;Character Customization;City Builder;Simulation;Immersive Sim;Cartoony;3D Platformer;Cozy;Third Person;Nature;Funny;Realistic;Singleplayer;Atmospheric";0;65,1;13758;9082;Playable;412740;22064;No
1326470;Sons Of The Forest;22/2/2024;Action;"Survival;Open World;Multiplayer;Co-op;Survival Horror;Base Building;Horror;Crafting;Building;First-Person;Exploration;Adventure;Singleplayer;Atmospheric;Sandbox;Action-Adventure;Action;Simulation;Immersive Sim;VR";29,99;87,46;304446;268887;Unsupported;9133380;10309;No
2592160;Dispatch;22/10/2025;Action;"Choices Matter;Story Rich;Sexual Content;Nudity;Superhero;Singleplayer;Romance;Comedy;Choose Your Own Adventure;Episodic;Cinematic;Funny;Strategy;Action;Point & Click;Visual Novel;Comic Book;Indie;Adventure;Atmospheric";29,99;96,36;175176;171008;Verified;5255280;1884;No
892970;Valheim;2/2/2021;Action;"Open World Survival Craft;Survival;Online Co-Op;Open World;Multiplayer;Building;Crafting;Base Building;Exploration;Co-op;Adventure;Difficult;Mythology;Sandbox;PvE;Third Person;Action;Singleplayer;Early Access;Indie";19,99;93,21;533604;501790;Verified;16008120;26875;No
2239150;Thronefall;11/10/2024;Action;"Tower Defense;Strategy;City Builder;Minimalist;Medieval;Action;Action RTS;Base Building;Building;3D;Isometric;Colorful;Stylized;Fantasy;Auto Battler;Combat;Singleplayer;Indie;Controller;Hack and Slash";12,99;93,99;22938;22076;Verified;688140;406;No
108600;Project Zomboid;8/11/2013;Indie;"Survival;Zombies;Open World;Multiplayer;Open World Survival Craft;Sandbox;Post-apocalyptic;Co-op;Crafting;Building;Indie;Simulation;RPG;Survival Horror;Realistic;Isometric;Singleplayer;2D;Adventure;Early Access";19,99;93,16;449438;422650;Verified;13483140;38348;No
2694490;Path of Exile 2;6/12/2024;Action;"Action RPG;Hack and Slash;RPG;Isometric;Loot;MMORPG;Dark Fantasy;Souls-like;Action;Dungeon Crawler;Adventure;Multiplayer;Online Co-op;Character Customization;Early Access;Inventory Management;Crafting;Dark;Horror;Singleplayer";29,99;72,5;208132;152315;Playable;6243960;21537;No
548430;Deep Rock Galactic;13/5/2020;Action;"Dwarf;Co-op;PvE;FPS;Procedural Generation;Class-Based;Shooter;Exploration;First-Person;Loot;Sci-fi;Action;Space;Atmospheric;Looter Shooter;Combat;Survival;Horror;Dark;Action Rougelike";29,99;96,19;375409;364830;Playable;11262270;15323;No
648800;Raft;20/6/2022;Adventure;"Survival;Multiplayer;Open World Survival Craft;Co-op;Crafting;Open World;Building;Base Building;Online Co-Op;Adventure;Sandbox;First-Person;Singleplayer;Underwater;Simulation;Early Access;Action;Indie;Strategy;Massively Multiplayer";19,99;92,14;371674;346840;Playable;11150220;13607;No
1449850;Yu-Gi-Oh! Master Duel;18/1/2022;Simulation;"Card Game;Free to Play;Strategy;Trading Card Game;Multiplayer;PvP;Anime;Card Battler;Turn-Based Tactics;Simulation;Tactical;Singleplayer;eSports;Dragons;Fantasy;Great Soundtrack;3D;PvE;2D;Deckbuilding";0;71,37;98511;70992;Verified;2955330;22181;No
2536520;Diablo II: Resurrected – Infernal Edition;11/2/2026;Action;"RPG;Action;Action RPG;Hack and Slash;Strategy;Dungeon Crawler;Isometric;Dark Fantasy;Action-Adventure;Loot;Multiplayer;Dark;Singleplayer;Co-op;Online Co-op;Party-Based RPG;Co-op Campaign;Modern;3D;Destruction";39,99;84,94;4836;4250;Verified;145080;3146;No
1295660;Sid Meier's Civilization VII;10/2/2025;Simulation;"Grand Strategy;Historical;Strategy;Military;4X;Simulation;Diplomacy;Multiplayer;City Builder;War;Economy;Turn-Based Tactics;Tactical;Turn-Based Strategy;Singleplayer;Hex Grid;Alternate History;Political Sim;Stylized;PvP";69,99;48,01;54402;26079;Verified;1632060;7972;No
427520;Factorio;14/8/2020;Casual;"Automation;Base Building;Resource Management;Sandbox;Crafting;Strategy;Multiplayer;Survival;Management;Open World;Building;Co-op;2D;Moddable;Singleplayer;Trains;Simulation;Pixel Graphics;City Builder;Indie";35;96,03;233931;227323;Verified;7017930;23944;No
304390;FOR HONOR™;13/2/2017;Action;"Medieval;Swordplay;Action;Multiplayer;Fighting;PvP;Third Person;War;Gore;Co-op;Singleplayer;Online Co-op;Hack and Slash;Realistic;Strategy;Atmospheric;RPG;Fantasy;Story Rich;MOBA";29,99;68,65;161503;111709;Playable;4845090;4777;No
1903340;Clair Obscur: Expedition 33;24/4/2025;Action;"Turn-Based Combat;Story Rich;Fantasy;Great Soundtrack;RPG;Singleplayer;JRPG;Exploration;Lore-Rich;Adventure;Party-Based RPG;Dark Fantasy;Souls-like;Action RPG;3D;Character Customization;Post-apocalyptic;Narration;Action;Indie";49,99;94,36;266569;254348;Verified;7997070;11839;No
2668510;Red Dead Redemption;29/10/2024;Action;"Open World;Western;Story Rich;Singleplayer;Action;Zombies;Action-Adventure;Third-Person Shooter;Atmospheric;Great Soundtrack;Adventure;Shooter;Third Person;3D;Sexual Content;Classic;Narration;Gore;Blood;Nudity";49,99;90,16;19122;17656;Playable;573660;1150;No
216150;MapleStory;9/8/2012;Action;"MMORPG;2D Platformer;Free to Play;Character Customization;Loot;PvE;Side Scroller;Multiplayer;Cute;Anime;Multiple Endings;Co-op;Platformer;Massively Multiplayer;PvP;Third Person;Story Rich;RPG;2D;Casual";0;61,36;15177;9413;Unsupported;455310;9237;No
281990;Stellaris;9/5/2016;Simulation;"Space;Strategy;Grand Strategy;Sci-fi;4X;Exploration;Sandbox;Simulation;Multiplayer;Real-Time with Pause;Singleplayer;Moddable;Management;Diplomacy;Military;Futuristic;Replay Value;Great Soundtrack;Procedural Generation;Atmospheric";49,99;84,05;198193;166340;Playable;5945790;22251;No
1282100;REMNANT II®;25/7/2023;Action;"Souls-like;Co-op;Action;Third-Person Shooter;Adventure;RPG;Shooter;Dark;Online Co-Op;Multiplayer;Action-Adventure;Post-apocalyptic;Third Person;Horror;Combat;PvE;Atmospheric;Singleplayer;Controller;Looter Shooter";49,99;81,35;66753;55070;Unsupported;2002590;2047;No
1304930;The Outlast Trials;5/3/2024;Action;"Horror;Multiplayer;Co-op;Survival Horror;Psychological Horror;First-Person;PvE;Stealth;Character Customization;Action;Survival;Action-Adventure;Dark Humor;Dark;Realistic;Atmospheric;Alternate History;Science;Adventure;Gore";39,99;91,43;102074;94685;Verified;3062220;4935;No
589290;Holdfast: Nations At War;5/3/2020;Action;"Shooter;Multiplayer;FPS;War;Historical;Military;Action;Wargame;World War I;Tactical;Simulation;Combat;Third-Person Shooter;PvP;Naval;Strategy;Memes;First-Person;Third Person;Team-Based";19,99;88,07;28338;25474;Verified;850140;1165;No
255710;Cities: Skylines;10/3/2015;Simulation;"City Builder;Simulation;Building;Management;Strategy;Sandbox;Singleplayer;Economy;Moddable;Resource Management;Mod;Realistic;Replay Value;Casual;Modern;Real-Time with Pause;Family Friendly;Great Soundtrack;Funny;Action";29,99;91,92;288637;268129;Playable;8659110;14346;No
2622380;ELDEN RING NIGHTREIGN;29/5/2025;Action;"Souls-like;Online Co-Op;Multiplayer;Roguelike;Co-op;Singleplayer;PvE;Third Person;Action;Roguelite;Action RPG;Open World;RPG;Dark;3D;Violent;Survival;Lore-Rich;Story Rich;Dating Sim";39,99;81,06;182970;149840;Playable;5489100;39595;No
261550;Mount & Blade II: Bannerlord;25/10/2022;Action;"Medieval;Strategy;Open World;RPG;War;Multiplayer;Sandbox;Singleplayer;Action;Character Customization;Simulation;Moddable;Adventure;Horses;Realistic;Third Person;Historical;First-Person;Great Soundtrack;Early Access";49,99;86,87;289848;254282;Playable;8695440;35286;No
1631270;StarRupture;6/1/2026;Action;"Early Access;Base Building;Survival;Open World Survival Craft;Automation;Open World;Co-op;Multiplayer;Crafting;Exploration;Adventure;Shooter;Simulation;Sandbox;Sci-fi;Colony Sim;Singleplayer;Immersive Sim;Action;Online Co-op;First-Person";19,99;79,06;12227;9889;Playable;366810;3201;No
3920610;FATAL FRAME II: Crimson Butterfly REMAKE;11/3/2026;Action;"Action;Adventure;Female Protagonist;Horror;Survival Horror;Supernatural;Action-Adventure;RPG;Third Person;3D;Lore-Rich;Singleplayer;Story Rich;Thriller;Violent;Gore;3D Platformer;Psychological Horror;Faith;Souls-like";49,99;83,81;3423;2978;Playable;102690;228;No
3097560;Liar's Bar;2/10/2024;Casual;"Multiplayer;Casual;PvP;Online Co-Op;Co-op;Indie;Funny;FPS;3D;First-Person;Tabletop;Dark;Puzzle;Board Game;Strategy;Horror;VR;Gore;Early Access;Simulation";6,99;88,36;55313;49700;Playable;1659390;1007;No
2074920;The First Descendant;30/6/2024;Action;"Free to Play;Sexual Content;Looter Shooter;Multiplayer;Third-Person Shooter;Online Co-Op;RPG;Action;Shooter;Third Person;Action RPG;Character Customization;Singleplayer;Co-op;PvE;Adventure;Sci-fi;Combat;Nudity;Story Rich";0;57,13;110689;63480;Unsupported;3320670;4104;No
2385530;PGA TOUR 2K25;27/2/2025;RPG;"Sports;Golf;Simulation;Realistic;Character Customization;Multiplayer;Third Person;Family Friendly;Singleplayer;Co-op;Online Co-op;RPG;PvP";39,99;67,27;4198;2888;Playable;125940;2252;No
1286830;STAR WARS™: The Old Republic™;21/7/2020;Massively Multiplayer;"Free to Play;MMORPG;Multiplayer;Character Customization;Open World;RPG;Story Rich;Choices Matter;Massively Multiplayer;Sci-fi;Adventure;Space;Action;Third Person;PvP;Atmospheric;Action RPG;Controller;Party-Based RPG;Great Soundtrack";0;88,23;73379;65737;Playable;2201370;9852;No
377160;Fallout 4;9/11/2015;RPG;"Open World;Post-apocalyptic;Singleplayer;Exploration;RPG;Adventure;Atmospheric;Shooter;First-Person;Story Rich;Action;FPS;Sci-fi;Sandbox;Action RPG;Great Soundtrack;Survival;Third Person;Third-Person Shooter;Character Customization";19,99;80,55;424422;344546;Verified;12732660;17231;No
632360;Risk of Rain 2;11/8/2020;Action;"Third-Person Shooter;Action Roguelike;Multiplayer;Co-op;Roguelite;Roguelike;Action;Looter Shooter;Loot;Online Co-Op;Shooter;Great Soundtrack;Difficult;Indie;Third Person;Survival;Singleplayer;Soundtrack;Early Access;Bullet Hell";24,99;92,85;346843;325292;Playable;10405290;7758;No
1599340;Lost Ark;11/2/2022;Action;"MMORPG;Free to Play;Action RPG;Multiplayer;Hack and Slash;Character Customization;RPG;Massively Multiplayer;Sexual Content;Action;PvE;Adventure;Fantasy;PvP;Isometric;Online Co-op;Class-Based;Singleplayer;Violent;Gore";0;69,95;203230;143216;Playable;6096900;8050;No
1285190;Borderlands 4;11/9/2025;Action;"FPS;Looter Shooter;PvE;Open World;Co-op;Loot;Action RPG;First-Person;Action-Adventure;RPG;Multiplayer;Action;Controller;Sci-fi;Online Co-op;Funny;Space;Futuristic;Adventure;LGBTQ+";69,99;58,7;78995;46605;Verified;2369850;5252;No
105600;Terraria;16/5/2011;Action;"Open World Survival Craft;Sandbox;Survival;2D;Multiplayer;Pixel Graphics;Adventure;Crafting;Building;Exploration;Co-op;Open World;Indie;Online Co-op;Action;RPG;Singleplayer;Replay Value;Platformer;Atmospheric";9,99;96,74;1522969;1483249;Verified;45689070;38711;No
949230;Cities: Skylines II;24/10/2023;Simulation;"City Builder;Simulation;Building;Sandbox;Management;Singleplayer;Economy;Strategy;Realistic;Moddable;Resource Management;Relaxion;Transportation;Casual;Atmospheric;Early Access;Open World;Mod;Great Soundtrack;Psychological Horror";49,99;54,14;88411;47984;Unsupported;2652330;17862;No
359870;FINAL FANTASY X/X-2 HD Remaster;12/5/2016;RPG;"JRPG;Turn-Based Combat;Story Rich;RPG;Great Soundtrack;Fantasy;Singleplayer;Classic;Adventure;Turn-Based;Romance;Atmospheric;Female Protagonist;Anime;Linear;Action;Remake;Open World;Puzzle;Sci-fi";29,99;86,66;22642;20049;Playable;679260;1132;No
1971650;OCTOPATH TRAVELER II;24/2/2023;RPG;"RPG;Turn-Based;JRPG;2.5D;Party-Based RPG;Pixel Graphics;Story Rich;Open World;Turn-Based Combat;Choices Matter;Strategy;Cute;Fantasy;Anime;Casual;Magic;Adventure;Atmospheric;Singleplayer;Great Soundtrack";59,99;91,65;16196;15229;Verified;485880;765;No
3599690;Funi Raccoon Game;13/3/2026;Action;"Adventure;Casual;3D Platformer;Platformer;Collectathon;Exploration;2.5D;3D Vision;Abstract;Colorful;Stylized;Atmospheric;Comedy;Dark Comedy;Multiple Endings;Open World;Singleplayer;Indie;Action;Surreal";11,99;93,79;1522;1510;Verified;45660;41;No
2670630;Supermarket Simulator;19/6/2025;Casual;"Simulation;Management;Multiplayer;Economy;Singleplayer;Trading;First-Person;Immersive Sim;Life Sim;Building;Capitalism;Resource Management;3D;Sandbox;Realistic;Casual;Inventory Management;Indie;Early Access;Co-op";19,99;90,75;81935;75501;Playable;2458050;4834;No
286160;Tabletop Simulator;5/6/2015;Casual;"Tabletop;Board Game;Simulation;Multiplayer;Sandbox;Card Game;VR;Trading Card Game;Moddable;Physics;Strategy;3D;Online Co-op;Casual;Wargame;Co-op;RPG;Funny;First-Person;Indie";19,99;92,91;76084;71833;Unsupported;2282520;10750;No
1229490;ULTRAKILL;3/9/2020;Action;"Fast-Paced;FPS;Boomer Shooter;Blood;Character Action Game;Arena Shooter;Spectacle fighter;Great Soundtrack;Singleplayer;Dating Sim;Retro;Shooter;Difficult;First-Person;Action;Robots;Colorful;Score Attack;Early Access;Old School";24,99;96,27;228174;222291;Verified;6845220;7321;No
2661300;Grounded 2;29/7/2025;Action;"Survival;Multiplayer;Adventure;Base Building;Action;Co-op;Open World;Exploration;Crafting;Open World Survival Craft;Early Access;Sandbox;Online Co-op;RPG;Third Person;First-Person;Singleplayer;Horror;Split Screen;Building";29,99;79,23;21111;17051;Verified;633330;3950;No
518790;theHunter: Call of the Wild™;16/2/2017;Adventure;"Hunting;Open World;Multiplayer;Nature;Relaxing;Stealth;FPS;Simulation;Survival;Realistic;Sandbox;Online Co-op;Co-op;First-Person;Walking Simulator;Immersive Sim;Shooter;America;Sports;Controller";19,99;88,09;197309;175770;Unsupported;5919270;4569;No
1313140;Cult of the Lamb;11/8/2022;Action;"Base Building;Action Roguelike;Cute;Singleplayer;Dungeon Crawler;Roguelite;Character Customization;Colony Sim;Dark Humor;Building;2D;Adventure;Action;Faith;Fantasy;Funny;Controller;Colorful;Strategy;Third Person";24,99;94,51;123623;118503;Verified;3708690;3366;No
2651280;Marvel's Spider-Man 2;30/1/2025;Action;"Action;Superhero;Open World;Singleplayer;Adventure;Action-Adventure;Story Rich;Third Person;Comic Book;Stealth;Controller;Political;Great Soundtrack;Atmospheric;LGBTQ+;Exploration;Combat;Multiplayer;Political;Beat 'em up";59,99;80,82;37929;31164;Verified;1137870;2459;No
107410;Arma 3;12/9/2013;Action;"Military;Action;Multiplayer;Shooter;Simulation;Realistic;First-Person;Open World;Tactical;FPS;War;Co-op;Sandbox;Strategy;Singleplayer;Moddable;Combat;Online Co-op;Team-Based;Third-Person Shooter";29,99;89,41;295745;267104;Unsupported;8872350;9734;No
418370;Resident Evil 7 Biohazard;23/1/2017;Action;"Horror;Survival Horror;First-Person;Singleplayer;VR;Gore;Atmospheric;Zombies;Psychological Horror;Action;Violent;Survival;Puzzle;Multiplayer;Story Rich;Adventure;FPS;Exploration;Shooter;Classic";19,99;93,96;120545;114883;Verified;3616350;1625;No
2001120;Split Fiction;6/3/2025;Action;"Co-op;Split Screen;Local Co-Op;Female Protagonist;Action-Adventure;Online Co-Op;Fantasy;3D Platformer;Sci-fi;Story Rich;Co-op Campaign;Third Person;Adventure;Multiplayer;Action;Local Multiplayer;Psychological Horror;Puzzle Platformer;Platformer;Funny";49,99;95,69;120198;116685;Verified;3605940;8058;No
21690;Resident Evil 5;15/9/2009;Action;"Co-op;Action;Zombies;Co-op Campaign;Online Co-Op;Horror;Third-Person Shooter;Multiplayer;Adventure;Third Person;Survival Horror;Local Co-op;Shooter;Singleplayer;Female Protagonist;Quick-Time Events;Gore;Survival;Split Screen;Atmospheric";19,99;85,65;63334;55084;Playable;1900020;1567;No
1401590;Disney Dreamlight Valley;5/12/2023;Action;"Relaxing;Life Sim;Character Customization;Exploration;Adventure;Simulation;Sandbox;Fantasy;Casual;Singleplayer;Story Rich;Family Friendly;Farming Sim;Cooking;Crafting;Fishing;Immersive Sim;Magic;3D;Choose Your Own Adventure";39,99;90,13;23982;22101;Verified;719460;3473;No
3028330;Battlefield™ REDSEC;28/10/2025;Action;"Free to Play;Multiplayer;Action;Singleplayer;FPS;Military;Shooter;War;Modern;Battle Royale;Realistic;Epic;Combat;Tactical;Destruction;PvP;Atmospheric;Violent;Co-op;Sandbox";0;45,24;16232;7299;Unknown;486960;35;Yes
1290000;PowerWash Simulator;14/7/2022;Casual;"Casual;Cleaning;Relaxing;Simulation;Multiplayer;First-Person;3D;Sandbox;Co-op;Funny;Online Co-Op;Immersive Sim;Colorful;Family Friendly;Wholesome;Story Rich;Singleplayer;Realistic;Indie;Cozy";24,99;94,71;57924;55849;Verified;1737720;1572;No
1465360;SnowRunner;17/5/2021;Adventure;"Simulation;Automobile Sim;Multiplayer;Adventure;Driving;Exploration;Realistic;Open World;Sandbox;First-Person;Third Person;Atmospheric;Snow;Immersive Sim;Racing;Physics;Nature;ATV;Team-Based;PvE";29,99;88,64;53579;48305;Verified;1607370;4273;No
3977290;Rewind 99;11/3/2026;Action;"Early Access;Simulation;Casual;Action;Co-op;Character Customization;Life Sim;First-Person;Open World;Management;Base Building;Sandbox;Exploration;Immersive Sim;3D;Cartoony;Collectathon;Colorful;1990s;Building;Funny";11,99;74,31;415;328;Unsupported;12450;24;No
1857950;VEIN;24/10/2025;Action;"Early Access;Survival;Open World;Zombies;Base Building;Co-op;Multiplayer;Post-apocalyptic;Exploration;Crafting;RPG;Sandbox;Simulation;Survival Horror;Action;Immersive Sim;Character Customization;First-Person;Dark;Action RPG;Third-Person Shooter";19,99;86,89;10240;9126;Playable;307200;729;No
1284210;Guild Wars 2®;23/8/2022;Adventure;"MMORPG;Adventure;RPG;Free to Play;Character Customization;Fantasy;Massively Multiplayer;Third Person;PvP;3D;Multiplayer;Atmospheric;Class-Based;Combat;Strategy;Crafting;Online Co-op;Exploration;Story Rich;Singleplayer";0;86,57;27724;24490;Playable;831720;5573;No
3932890;Escape from Tarkov;15/11/2025;Action;"Psychological Horror;Extraction Shooter;Gun Customization;Tactical;Shooter;Looter Shooter;FPS;Military;Multiplayer;First-Person;Survival Horror;PvE;Realistic;PvP;Survival;Massively Multiplayer;Action;Online Co-op;War;Simulation";49,99;47,9;51531;24638;Unsupported;1545930;18819;No
250900;The Binding of Isaac: Rebirth;4/11/2014;Action;"Action Roguelike;Roguelike;Indie;Replay Value;Difficult;Pixel Graphics;Dungeon Crawler;Great Soundtrack;Singleplayer;Dark;2D;Local Co-op;Gore;Remake;Procedural Generation;Rougelite;Atmospheric;Co-op;Action;Horror";14,99;96,22;392382;381393;Verified;11771460;22110;No
1096530;Solasta: Crown of the Magister;27/5/2021;Adventure;"RPG;Dungeons & Dragons;Co-op Campaign;Character Customization;Multiplayer;CRPG;Choices Matter;Story Rich;Fantasy;Adventure;Strategy RPG;Strategy;Singleplayer;Combat;Class-Based;Party-Based RPG;Controller;Online Co-op;Team-Based;Level Editor";29,99;85,04;22084;19182;Playable;662520;738;No
921570;OCTOPATH TRAVELER™;7/6/2019;RPG;"RPG;JRPG;Pixel Graphics;Turn-Based;Story Rich;Turn-Based Combat;Singleplayer;Great Soundtrack;Open World;Strategy;2.5D;Adventure;Choices Matter;Anime;Multiple Endings;Casual;Party-Based RPG;Sandbox;Management;Simulation";59,99;83,86;16545;14193;Playable;496350;538;No
2933130;The Lord of the Rings: Return to Moria™;27/8/2024;Action;"Dwarves;Base Building;Open World Survival Craft;Survival;Exploration;Online Co-Op;Crafting;Building;Adventure;Multiplayer;Action-Adventure;Open World;PvE;Sandbox;RPG;Action;Character Customization;Third Person;Singleplayer;Fantasy";29,99;79,65;11879;9684;Playable;356370;973;No
552990;World of Warships;15/11/2017;Action;"Vehicular Combat;Shooter;Naval Combat;PvP;Multiplayer;Third-Person Shooter;Team-Based;War;Military;World War II;Historical;Naval;Free to Play;Simulation;Realistic;3D;PvE;Online Co-op;Action;Co-op";0;75,85;154695;118462;Playable;4640850;48865;No
3501070;Car Service Together;4/2/2026;Indie;"Early Access;Automobile Sim;Sandbox;Driving;Building;Simulation;3D;Casual;Racing;Realistic;Co-op;Family Friendly;FPS;Multiplayer;Automation;Management;Online Co-op;Relaxing;Physics;Resource Management;Singleplayer";19,99;79,13;3369;2759;Playable;101070;321;No
1476970;IdleOn;6/11/2025;Casual;"Idler;Incremental;Free to Play;MMORPG;Pixel Graphics;Multiplayer;RPG;Management;Crafting;Resource Management;Sandbox;Massively Multiplayer;Indie;Casual;Simulation;Character Customization;PvE;Old School;Cute;Early Access";0;76,59;28739;22375;Playable;862170;11389;No
427410;Abiotic Factor;22/7/2025;Action;"Survival;Online Co-Op;Open World Survival Craft;Crafting;Base Building;Sci-fi;Exploration;Co-op Campaign;Multiplayer;Early Access;First-Person;Sandbox;FPS;Science;Building;Immersive Sim;Adventure;PvE;Simulation;Aliens";34,99;94,1;54919;52618;Playable;1647570;6419;No
438100;VRChat;1/2/2017;Adventure;"VR;Free to Play;Multiplayer;Anime;Memes;Funny;Massively Multiplayer;First-Person;Open World;Early Access;Simulation;Casual;Adventure;MMORPG;Sandbox;Comedy;Dating Sim;Survival Horror;Action;Atmospheric";0;74,73;262297;197566;Verified;7868910;52757;No
322170;Geometry Dash;22/12/2014;Action;"Difficult;Music;Level Editor;Great Soundtrack;2D;Rhythm;Precision Platformer;Singleplayer;Platformer;Colorful;Character Customization;Indie;Side Scroller;Arcade;Psychological Horror;Family Friendly;Action;Funny;Casual;Strategy";4,99;92,29;594360;553207;Playable;17830800;66613;No
2280350;Turbo Dismount® 2;13/3/2026;Action;"Action;Simulation;Racing;Funny;Destruction;Sandbox;Puzzle;3D;Colorful;Stylized;Cinematic;Comedy;Dark Humor;Family Friendly;Third Person;First-Person;Memes;Character Customization;Physics;Level Editor";19,99;89,52;690;662;Verified;20700;23;No
2495100;Hello Kitty Island Adventure;30/1/2025;Action;"Cozy;Open World;Adventure;Cute;Simulation;Life Sim;Exploration;Casual;Colorful;Relaxing;Crafting;Famiily Friendly;Cooking;Story Rich;Immersive Sim;Action;Puzzle;3D;Multiplayer;Horror";39,99;91,44;11544;10861;Verified;346320;938;No
2948190;World of Sea Battle;21/10/2025;Action;"Early Access;MMORPG;Naval Combat;Open World;Pirates;Massively Multiplayer;Naval;Action;Sailing;Sandbox;Management;Third Person;Historical;Exploration;Realistic;PvP;PvE;Combat;Crafting;Inventory Management;Economy";0;72,98;7169;5354;Playable;215070;3016;No
1874000;Life is Strange: Double Exposure;29/10/2024;Action;"Choices Matter;LGBTQ+;Female Protagonist;Story Rich;Choose Your Own Adventure;Romance;Third Person;Mystery;Action;Emotional;Atmospheric;Adventure;Stylized;Cinematic;Supernatural;Singleplayer;Narrative;Multiple Endings;Great Sountrack;Political";49,99;67,81;9688;6686;Playable;290640;110;No
264710;Subnautica;23/1/2018;Adventure;"Open World Survival Craft;Survival;Horror;Underwater;Open World;Exploration;Crafting;Base Building;Singleplayer;Adventure;First-Person;Multiplayer;Sci-fi;Atmospheric;Aliens;Sandbox;Survival Horror;VR;Action;Indie";29,99;96,07;360425;349875;Verified;10812750;40677;No
1407200;World of Tanks;28/4/2021;Action;"Tanks;Vehicular Combat;PvP;Multiplayer;Tactical;Military;War;Team-Based;Strategy;Wargame;Shooter;Third-Person Shooter;Third Person;Realistic;Free to Play;Action;3D;Combat;Historical;World War II";0;79,38;98723;79302;Playable;2961690;9598;No
3419520;Quarantine Zone: The Last Check;12/1/2026;Indie;"Zombies;Simulation;Singleplayer;Post-apocalyptic;Choices Matter;First-Person;Realistic;3D;Military;Resource Management;Atmospheric;Management;Dark Humor;Immersive Sim;Base Building;Life Sim;Building;Emotional;Combat;Multiple Endings";19,99;80,32;11901;9786;Playable;357030;610;No
637650;FINAL FANTASY XV WINDOWS EDITION;6/3/2018;RPG;"RPG;Open World;JRPG;Fantasy;Story Rich;Great Soundtrack;Singleplayer;Adventure;Action;Multiplayer;Action RPG;Third Person;Anime;Hack and Slash;Atmospheric;Online Co-op;Co-op;Violent;First-Person;Nudity";34,99;81,99;57096;47512;Verified;1712880;556;No
440900;Conan Exiles;8/5/2018;Action;"Survival;Open World;Nudity;Building;Open World Survival Craft;Crafting;Multiplayer;Sandbox;RPG;Massively Multiplayer;Adventure;Action;Online Co-op;Exploration;Singleplayer;Co-op;Fantasy;Violent;Gore;PvP";39,99;78,1;114617;90514;Unsupported;3438510;28751;No
1272320;Diplomacy is Not an Option;4/10/2024;Action;"Resource Management;Medieval;Historical;Zombies;Colony Sim;Base Building;Difficult;Action RTS;Survival;RTS;War;Strategy;Simulation;PvE;Tower Defense;Real-Time with Pause;Isometric;Military;Tactical;Level Editor";29,99;83,29;11926;10183;Playable;357780;753;No
1142710;Total War: WARHAMMER III;16/2/2022;Action;"Strategy;Turn-Based Strategy;Grand Strategy;RTS;Fantasy;Real Time Tactics;War;Dark Fantasy;Dwarves;Action;Tactical;Multiplayer;Atmospheric;Co-op;Colorful;PvP;Singleplayer;Online Co-op;Story Rich;Tower Defense";59,99;69,82;142968;100633;Unsupported;4289040;26283;No
221100;DayZ;13/12/2018;Action;"Survival;Open World;Zombies;Online Co-Op;Multiplayer;Post-apocalyptic;Shooter;PvP;FPS;Massively Multiplayer;Sandbox;Action;Horror;Survival Horror;Co-op;Adventure;First-Person;Simulation;Atmospheric;Choose Your Own Adventure";49,99;77,12;460855;357932;Unsupported;13825650;54281;No
1371980;No Rest for the Wicked;18/4/2024;Action;"Early Access;Action RPG;Souls-like;Online Co-Op;Hack and Slash;Combat;Open World;Exploration;RPG;Isometric;Cinematic;Character Customization;Colorful;Controller;3D;Action;Immersive Sim;Dark Fantasy;Stylized;Atmospheric;Gothic";39,99;79,15;77128;61832;Verified;2313840;2037;No
3681010;Nioh 3;5/2/2026;Action;"Action;Action RPG;Souls-like;RPG;Open World;Hack and Slash;Difficult;Third Person;Dark Fantasy;Fantasy;Ninja;Atmospheric;Historical;Character Customization;Story Rich;JRPG;Singleplayer;Multiplayer;Female Protagonist;Co-op";69,99;78,16;17762;14160;Unsupported;532860;1903;No
1471410;SYNTHETIK 2;11/11/2021;Action;"Early Access;Roguelite;Top-Down Shooter;Action Roguelike;Twin Stick Shooter;Moddable;Top-Down;Shooter;Perma Death;Character Customization;Rougelike;Gun Customization;PvE;Action;Colorful;Sci-fi;Tactical;Class-Based;Controller;3D;Tutorial";19,99;77,75;3351;2694;Playable;100530;115;No
2456740;inZOI;27/3/2025;Adventure;"Life Sim;Character Customization;Simulation;Realistic;Singleplayer;Building;Family Friendly;Romance;Sandbox;Immersive Sim;Dating Sim;Modern;Cats;City Builder;Relaxing;Sexual Content;Moddable;Casual;Cute;Early Access";39,99;75,46;30692;23524;Unsupported;920760;2340;No
1966720;Lethal Company;23/10/2023;Action;"Online Co-Op;Horror;First-Person;Co-op;Survival Horror;Funny;Exploration;Psychological Horror;Sci-fi;PvE;Atmospheric;Procedural Generation;Aliens;Time Management;Adventure;Dungeon Crawler;Action;Early Access;Action-Adventure;Perma Death";9,99;96,12;507525;492421;Playable;15225750;5029;No
1677110;Lightyear Frontier;19/3/2024;Early Access;"Early Access;Crafting;Base Building;Mechs;Open World Survival Craft;Farming Sim;Online Co-Op;Resource Management;Agriculture;Exploration;Relaxing;Singleplayer;Sandbox;Co-op;Open World;First-Person;Management;Atmospheric;Survival;Sci-fi;Mining";24,99;81,54;4446;3747;Verified;133380;382;No
251570;7 Days to Die;25/7/2024;Action;"Survival;Zombies;Multiplayer;Open World;Open World Survival Craft;Base Building;Post-apocalyptic;Online Co-Op;Voxel;Building;Exploration;Sandbox;FPS;Simulation;Horror;Tower Defense;Character Customization;Action;Strategy;Procedural Generation";44,99;86,36;399129;347759;Verified;11973870;23977;No
275850;No Man's Sky;12/8/2016;Action;"Open World;Space;Open World Survival Craft;Exploration;Sci-fi;Survival;Multiplayer;Procedural Generation;Adventure;Sandbox;First-Person;Singleplayer;Atmospheric;Crafting;Space Sim;Indie;Action;Simulation;VR;FPS";59,99;84,14;406950;345300;Verified;12208500;8713;No
945360;Among Us;16/11/2018;Casual;"Multiplayer;Social Deduction;Online Co-Op;Space;Survival;2D;Funny;Psychological;Party Game;Co-op;Cartoony;Local Multiplayer;Casual;PvP;Sci-fi;Action;Minigames;Colorful;Top-Down;Aliens";4,99;91,24;729847;671153;Playable;21895410;9385;No
976730;Halo: The Master Chief Collection;3/12/2019;Action;"Great Soundtrack;FPS;Classic;Multiplayer;Story Rich;Sci-fi;Co-op;First-Person;Shooter;Epic;Action;Singleplayer;Aliens;Lore-Rich;Beautiful;Space;Atmospheric;Adventure;Horror;Online Co-op";39,99;91,06;258463;237907;Playable;7753890;5865;No
1551360;Forza Horizon 5;8/11/2021;Action;"Racing;Open World;Driving;Multiplayer;Automobile Sim;Realistic;Simulation;Adventure;Arcade;Exploration;First-Person;Co-op;Online Co-op;VR;Sports;Singleplayer;Atmospheric;PvP;Beautiful;Action";59,99;88,23;272774;243122;Playable;8183220;15856;No
2437170;SMITE 2;27/8/2024;Action;"Early Access;MOBA;Action;Third Person;Strategy;Mythology;Adventure;Competitive;Casual;RPG;Multiplayer;Massively Multiplayer;PvP;Team-Based;Online Co-op;Combat;Co-op;God Game;Action-Adventure;MMORPG;Open World";0;54,84;21669;11938;Playable;650070;8018;No
1608070;CRISIS CORE –FINAL FANTASY VII– REUNION;13/12/2022;Action;"Action;RPG;JRPG;Adventure;Action RPG;Action-Adventure;Party-Based RPG;Spectacle fighter;3D;3D Platformer;Cinematic;Third Person;Realistic;Fantasy;Magic;Sci-fi;Story Rich;Singleplayer;Controller;Anime";49,99;86,99;8516;7629;Verified;255480;112;No
1328670;Mass Effect™ Legendary Edition;14/5/2021;Action;"Story Rich;RPG;Choices Matter;Sci-fi;Singleplayer;Space;Character Customization;Third-Person Shooter;Action;Action RPG;Sexual Content;Romance;Shooter;Great Soundtrack;Nudity;Atmospheric;Female Protagonist;Combat;Classic;Military";59,99;89,7;64753;59031;Playable;1942590;3652;No
2697000;The Legend of Khiimori;3/3/2026;Adventure;"Early Access;Horses;Historical;Exploration;Open World;Nature;Survival;Female Protagonist;Mythology;Simulation;Life Sim;Adventure;Cute;Transportation;Realistic;3D;Third Person;Singleplayer;Controller;Casual;Relaxing";29,99;82,28;1668;1437;Playable;50040;256;No
570;Dota 2;9/7/2013;Action;"Free to Play;MOBA;Multiplayer;Strategy;eSports;Team-Based;Competitive;Action;Online Co-Op;PvP;Difficult;Co-op;RTS;RPG;Tower Defense;Fantasy;Character Customization;Replay Value;Action RPG;Simulation";0;80,47;2712553;2192442;Playable;81376590;562235;No
1284190;The Planet Crafter;10/4/2024;Adventure;"Base Building;Open World Survival Craft;Survival;Online Co-Op;Co-op;Building;Crafting;Space;Open World;Exploration;Automation;Sandbox;Resource Management;First-Person;Sci-fi;Singleplayer;Adventure;Story Rich;Immersive Sim;Aliens";23,99;94,44;70057;67285;Verified;2101710;4746;No
1190000;Car Mechanic Simulator 2021;11/8/2021;Racing;"Simulation;Automobile Sim;Sandbox;Realistic;Moddable;Driving;Racing;Singleplayer;3D;Education;First-Person;Puzzle;Immersive Sim;Co-op;Open World;Atmospheric;Adventure;Minigames;VR;Indie";24,99;93,85;36493;34955;Verified;1094790;1691;No
1129580;Medieval Dynasty;23/9/2021;Action;"Building;Crafting;Multiplayer;Medieval;Co-op;Survival;Open World;Base Building;Sandbox;Immersive Sim;RPG;Singleplayer;Simulation;Atmospheric;Management;Realistic;Adventure;First-Person;Historical;Agriculture";34,99;88,95;50747;45928;Playable;1522410;3304;No
1265920;Life is Strange Remastered;1/2/2022;Action;"Choices Matter;Story Rich;Female Protagonist;Multiple Endings;LGBTQ+;Emotional;Romance;Third Person;Mystery;Adventure;Action;Cinematic;Singleplayer;Stylized;Supernatural;Narrative;Great Soundtrack;Sexual Content;Atmospheric;Gore";39,99;88,8;9664;8834;Playable;289920;200;No
1358700;STRANGER OF PARADISE FINAL FANTASY ORIGIN;6/4/2023;Action;"Action;RPG;Adventure;Action RPG;JRPG;Spectacle fighter;3D;Third Person;Dark Fantasy;Atmospheric;Dark;Fantasy;Souls-like;Multiplayer;PvP;Singleplayer;Online Co-op;Story Rich;Violent;Hack and Slash";39,99;81,05;4418;3700;Unsupported;132540;101;No
585420;Trailmakers;18/9/2019;Action;"Space;Family Friendly;Action;Co-op Campaign;Online Co-Op;Singleplayer;Adventure;Action-Adventure;Flight;Colorful;Physics;Sandbox;Building;Vehicular Combat;Open World;Multiplayer;Racing;Crafting;Exploration;Survival";24,99;90,18;35598;32739;Playable;1067940;1885;No
4000;Garry's Mod;29/11/2006;Casual;"Sandbox;Moddable;Multiplayer;Physics;Building;Casual;Funny;First-Person;Singleplayer;FPS;Simulation;Comedy;Online Co-op;Shooter;Co-op;Action;Indie;PvP;Realistic;Exploration";9,99;96,17;1237407;1198548;Playable;37122210;28794;No
595520;FINAL FANTASY XII THE ZODIAC AGE;1/2/2018;RPG;"RPG;JRPG;Fantasy;Singleplayer;Story Rich;Great Soundtrack;Open World;Adventure;Exploration;Classic;Party-Based RPG;Real-Time with Pause;Action;Third Person;Anime;Turn-Based;Strategy;Remake;Atmospheric;Female Protagonist";49,99;86,77;9784;8731;Verified;293520;411;No
799960;Wizard101;6/9/2018;Adventure;"Colorful;MMORPG;Deckbuilding;PvP;Crafting;Free to Play;Nostalgia;Magic;Card Game;Turn-Based Combat;Open World;Massively Multiplayer;Characet Customization;RPG;Family Friendly;Strategy;Adventure;Fantasy;Funny;Casual";0;80,63;9236;7640;Unsupported;277080;713;No
2968420;PowerWash Simulator 2;23/10/2025;Casual;"Casual;Cleaning;Simulation;Relaxing;Local Multiplayer;Sandbox;Multiplayer;Online Co-Op;Local Co-Op;First-Person;Immersive Sim;3D;Split Screen;Family Friendly;Colorful;Realistic;Atmospheric;Singleplayer;Co-op;Funny";24,99;88,88;10769;9844;Verified;323070;1601;No
244210;Assetto Corsa;19/12/2014;Indie;"Racing;Automobile Sim;Simulation;Multiplayer;Driving;VR;Realistic;Sports;Open World;Moddable;Controller;Singleplayer;Physics;First-Person;Replay Value;Indie;Action;TrackIR;Artificial Intelligence;Early Access";19,99;91,67;169525;157347;Unsupported;5085750;14609;No
3354750;skate.;16/9/2025;Action;"Multiplayer;Skateboarding;Free to Play;Action;Controller;Character Customization;Online Co-Op;Sports;Sandbox;Third Person;Early Access;Parkour;Skating;Simulation;Funny;Exploration;Realistic;Physics;Immersive Sim;PvP";0;68,66;85109;58973;Unsupported;2553270;2558;No
2406770;Bodycam;7/6/2024;Action;"Early Access;FPS;Tactical;Realistic;Shooter;Multiplayer;Simulation;Military;Immersive Sim;First-Person;Team-Based;Co-op;PvP;Zombies;Horror;Action;Physics;Combat;Wargame;VR;Fast-Paced";33,32;74,82;42989;32614;Unsupported;1289670;497;No
1943950;Escape the Backrooms;23/10/2025;Action;"Horror;Multiplayer;Online Co-Op;Psychological Horror;Co-op;Survival Horror;First-Person;Escape Room;Exploration;Adventure;3D;Action;Singleplayer;Indie;Stealth;Action-Adventure;Casual;Dungeon Crawler;Early Access;Sexual Content";9,99;89,45;138870;125818;Playable;4166100;6281;No
2707930;Palia;25/3/2024;Adventure;"Free to Play;Multiplayer;Life Sim;Cozy;Farming Sim;Exploration;Building;Crafting;Relaxing;Casual;Online Co-op;Cute;Dating Sim;RPG;Co-op;Nature;Mystery;Simulation;Atmospheric;MMORPG";0;84,93;41703;36037;Playable;1251090;13926;No
550;Left 4 Dead 2;16/11/2009;Action;"Zombies;Co-op;FPS;Multiplayer;Shooter;Online Co-Op;Action;Survival;Horror;First-Person;Gore;Team-Based;Moddable;Survival Horror;Post-apocalyptic;Singleplayer;Adventure;Local Co-op;Replay Value;Tactical";9,99;96,79;1033461;1007925;Verified;31003830;30603;No
3873970;NASCAR 25;11/11/2025;Racing;"Racing;Sports;Driving;Automobile Sim;Arcade;Simulation;Singleplayer;Multiplayer;Physics;Realistic;3D;Controller;VR;PvP";49,99;69,48;1571;1129;Unknown;47130;326;No
2918310;Mama's Sleeping Angels;11/3/2026;Action;"Horror;Multiplayer;Procedural Generation;Adventure;Exploration;Female Protagonist;Choices Matter;Supernatural;Surreal;First-Person;Comedy;Platformer;Stylized;Dark;Team-Based;Demons;Magic;Retro;Singleplayer;Stealth";9,99;87,88;845;791;Playable;25350;34;No
1938090;Call of Duty®;27/10/2022;Action;"FPS;Multiplayer;Shooter;Singleplayer;Action;Military;First-Person;War;Modern;Tactical;Violent;Co-op;Realistic;Story Rich;Atmospheric;Online Co.op;Gore;Third-Person Shooter;Battle Royale";0;58,36;771140;451156;Unsupported;23134200;35534;No
1173820;FINAL FANTASY VI;23/2/2022;RPG;"RPG;2D;Singleplayer;JRPG;Adventure;Class-Based;Fantasy;Emotional;Exploration;Pixel Graphics;Lore-Rich;Nostalgia;Magic;Party-Based RPG;Turn-Based Combat;Remake;Retro;Story Rich;Great Soundtrack;Female Protagonist";17,99;88,76;4654;4285;Playable;139620;216;No
2294660;The Quinfall;6/2/2026;Massively Multiplayer;"Massively Multiplayer;MMORPG;Open World;RPG;Character Customization;Multiplayer;Medieval;Adventure;Action RPG;PvP;PvE;Hunting;Cooking;Building;Fishing;Crafting;Mining;Naval;Agriculture;Magic";9,99;52,34;12181;6393;Playable;365430;2984;No
3347400;GIRLS' FRONTLINE 2: EXILIUM;10/2/2025;Action;"Strategy;Anime;RPG;Free to Play;Sexual Content;Turn-Based Strategy;Turn-Based Combat;Strategy RPG;3D;Story Rich;Sci-fi;Military;Visual Novel;Cute;Female Protagonist;Turn-Based Tactics;Gun Customization;Singleplayer;Dating Sim;Great Soundtrack";0;66,31;3035;2061;Playable;91050;587;No
2244210;Echoes of Aincrad;9/7/2026;Action;"JRPG;Anime;Action RPG;Hack and Slash;3D;Fantasy;RPG;Singleplayer;Realistic;Dark";69,99;0;0;;Unknown;0;0;No
1812450;Bellwright;23/4/2024;Action;"Survival;Open World;City Builder;Medieval;Crafting;Online Co-Op;Multiplayer;Building;Simulation;RPG;Co-op;Strategy;Life Sim;Exploration;Singleplayer;Action;Early Access;Third Person;War;3D";29,99;79,08;19766;15940;Unknown;592980;2810;No
1072420;DRAGON QUEST BUILDERS™ 2;10/12/2019;Action;"RPG;Open World Survival Craft;Adventure;Action;Building;Sandbox;Crafting;JRPG;Anime;Cute;Co-op;Open World;Multiplayer;Third Person;Colorful;Voxel;Survival;Singleplayer;Platformer;Character Customization";49,99;89,51;7923;7317;Unsupported;237690;261;No
1206560;WorldBox - God Simulator;2/12/2021;Indie;"Sandbox;God Game;Simulation;Pixel Graphics;Colony Sim;Life Sim;Destruction;Building;Artificial Intelligence;Fantasy;Political Sim;Indie;Medieval;Relaxing;Management;Procedural Generation;Politics;Mythology;Idler;Early Access";19,99;93,57;54178;51615;Verified;1625340;2056;No
3059520;F1® 25;30/5/2025;Racing;"Racing;Sports;Simulation;Multiplayer;Driving;VR;Automobile Sim;PvP;Co-op;Online Co-Op;Singleplayer;Controller;Realistic;Split Screen;Competitive;Arcade";59,99;85,58;25067;21895;Unsupported;752010;5015;No
2840770;Avatar: Frontiers of Pandora™;17/6/2024;Action;"Open World;Adventure;Action;Multiplayer;Online Co-Op;Exploration;Singleplayer;First-Person;Shooter;Character Customization;Story Rich;Sci-fi;Atmospheric;3D;Co-op;Third Person;Immersive Sim;Beautiful;RPG;FPS";29,99;75,94;14025;10868;Unsupported;420750;1364;No
1172380;STAR WARS Jedi: Fallen Order™;14/11/2019;Action;"Action-Adventure;Souls-like;Third Person;Open World;Story Rich;Swordplay;Sci-fi;Exploration;Action;Platformer;Space;RPG;Puzzle;Adventure;Fighting;Metroidvania;Fantasy;Hack and Slash;Atmospheric;Family Friendly";39,99;87,43;171832;151982;Playable;5154960;1832;No
1145350;Hades II;25/9/2025;Action;"Action;Roguelike;Roguelite;Hack and Slash;Mythology;Action Roguelike;RPG;Female Protagonist;Dungeon Crawler;Action RPG;Story Rich;Isometric;Singleplayer;Indie;Hand-drawn;Atmospheric;Souls-like;Difficult;LGBTQ+;Perma Death";29,99;94,34;119000;113880;Verified;3570000;5890;No
2069250;High On Life 2;13/2/2026;Action;"Action;Singleplayer;Adventure;FPS;Action-Adventure;3D;Comedy;Shooter;First-Person;Aliens;Sci-fi;Dark Humor;Futuristic;Space;Combat;Violent;Controller;PvE;Indie;Open World";59,99;69,81;2275;1637;Verified;68250;101;No
2753900;The King is Watching;21/7/2025;Indie;"Roguelike;Base Building;RTS;Tower Defense;Dark Fantasy;Fantasy;Strategy;Resource Management;City Builder;Roguelite;Pixel Graphics;Tactical;Medieval;Real Time Tactics;Time Management;Auto Battler;Replay Value;Deckbuilding;Combat;Automation";14,99;86,12;9665;8559;Playable;289950;597;No
346110;ARK: Survival Evolved;27/8/2017;Action;"Open World Survival Craft;Survival;Multiplayer;Open World;Dinosaurs;Crafting;Building;Adventure;Base Building;Co-op;Action;Sandbox;First-Person;Massively Multiplayer;Singleplayer;Early Access;Dragons;RPG;Sci-fi;Indie";14,99;82,76;767824;639797;Verified;23034720;30025;No
1196590;Resident Evil Village;6/5/2021;Action;"Survival Horror;Horror;First-Person;Singleplayer;Action;Sexual Content;Zombies;Gore;Story Rich;VR;FPS;Atmospheric;Violent;Dark;Psychological Horror;Survival;Adventure;Multiplayer;Open World;Nudity";39,99;94,32;147480;140976;Verified;4424400;3014;No
9900;Star Trek Online;31/1/2012;Massively Multiplayer;"Free to Play;Sci-fi;Massively Multiplayer;Space;MMORPG;RPG;Open World;Multiplayer;Character Customization;Action;Third Person;Adventure;Singleplayer;Co-op;PvE;Online Co-op;PvP;Strategy;Action RPG;Tactical";0;77,6;21045;16636;Playable;631350;1336;No
728880;Overcooked! 2;7/8/2018;Action;"Multiplayer;Online Co-Op;Local Co-Op;Co-op;Casual;Cooking;Funny;4 Player Local;Indie;Local Multiplayer;Family Friendly;Action;Controller;Cute;Comedy;Singleplayer;Difficult;Simulation;Strategy;Colorful";24,99;89,12;81555;73780;Verified;2446650;6623;No
602960;Barotrauma;13/3/2023;Action;"Co-op;Multiplayer;Survival;Submarine;Survival Horror;Horror;2D;Underwater;Simulation;Sci-fi;Management;Strategy;Action;Difficult;Moddable;Gore;Violent;Singleplayer;Naval;Psychological Horror";34,99;92,56;86177;81002;Playable;2585310;8791;No
291550;Brawlhalla;17/10/2017;Action;"Free to Play;Multiplayer;Fighting;2D Fighter;2D Platformer;Casual;Local Multiplayer;Co-op;Platformer;Controller;Action;Local Co-op;Online Co-op;Fantasy;4 Player Local;eSports;Family Friendly;Cartoony;Singleplayer;Indie";0;79,61;406210;325914;Verified;12186300;17648;No
1446650;BRAVELY DEFAULT II;2/9/2021;Adventure;"RPG;JRPG;Turn-Based Combat;Adventure;3D;Story Rich;Cute;Fantasy;Linear;Singleplayer;Anime;Great Soundtrack;Class-Based;Party-Based RPG;Turn-Based;Female Protagonist";59,99;77,81;2025;1639;Playable;60750;88;No
2322010;God of War Ragnarök;19/9/2024;Action;"Action;Adventure;Action-Adventure;RPG;Hack and Slash;Mythology;Story Rich;Cinematic;Action RPG;Third Person;3D;Singleplayer;Atmospheric;Open World;Fantasy;Emotional;Combat;Gore;Souls-like;LGBTQ+";59,99;87,1;46236;40977;Verified;1387080;3036;No
3405340;Megabonk;18/9/2025;Action;"Bullet Heaven;Action Roguelike;Roguelike;Roguelite;Bullet Hell;Indie;Survival;Loot;Action;Singleplayer;Arcade;Pixel Graphics;3D;Casual;Retro;Hack and Slash;Score Attack;Third Person;Third-Person Shooter;Old School";9,99;93,26;102247;96771;Verified;3067410;4839;No
2432860;MENACE;5/2/2026;RPG;"RPG;Strategy;Turn-Based Combat;Character Customization;Choices Matter;CRPG;Turn-Based Tactics;Turn-Based Strategy;Story Rich;Adventure;Fantasy;Sci-fi;Action;Singleplayer;Tactical;Dark Fantasy;Turn-Based;Combat;Early Access;Romance";39,99;88,32;11479;10419;Playable;344370;2375;No
2245620;Tangy TD;9/3/2026;Action;"Tower Defense;Strategy;Action;Singleplayer;Roguelike;2D;Funny;Tactical;Cartoony;Family Friendly;Casual;Pixel Graphics;Difficult;Colorful;Loot;Survival;Crafting;Indie;Medieval;Cute";9,99;87,16;1353;1244;Playable;40590;52;No
813780;Age of Empires II: Definitive Edition;14/11/2019;Strategy;"Strategy;RTS;City Builder;Multiplayer;Base Building;Historical;Singleplayer;Medieval;Resource Management;Classic;Tactical;Real-Time;Co-op;Remake;2D;Isometric;Replay Value;Action;Great Soundtrack;Adventure";34,99;93,78;178109;169143;Playable;5343270;25181;No
952060;Resident Evil 3;2/4/2020;Action;"Action;Zombies;Multiplayer;Horror;Female Protagonist;Survival Horror;Singleplayer;Remake;Third Person;Co-op;Gore;Third-Person Shooter;Violent;Story Rich;Atmospheric;Adventure;Sexual Content;Classic;Great Soundtrack;Difficult";39,99;82,21;119737;99618;Playable;3592110;2058;No
1778820;TEKKEN 8;25/1/2024;Action;"Fighting;3D Fighter;Multiplayer;Action;Local Multiplayer;PvP;eSports;Arcade;Singleplayer;Competitive;Character Customization;Sexual Content;Martial Arts;Anime;Great Soundtrack;Controller;Casual;Difficult;Gambling;Nudity";39,99;53,85;72130;38944;Playable;2163900;8107;No
3014080;The Hundred Line -Last Defense Academy-;23/4/2025;Adventure;"Multiple Endings;Story Rich;Visual Novel;Turn-Based Strategy;Anime;Adventure;Dark Humor;Dark Comedy;Turn-Based Tactics;Dystopian;Psychological Horror;Survival;Singleplayer;Simulation;Atmospheric;Soundtrack;Memes;Sci-fi;Conspiracy;Psychedelic";59,99;85,6;8393;7395;Playable;251790;453;No
1790600;DRAGON BALL: Sparking! ZERO;10/10/2024;Action;"Anime;Multiplayer;Action;Fighting;3D Fighter;Local Multiplayer;PvP;Combat;Martial Arts;Singleplayer;Competitive;3D;Physics;Third Person;2.5D;Co-op;PvE;Open World;Action-Adventure;Spectacle fighter";69,99;86,57;70471;61936;Playable;2114130;1364;No
1426210;It Takes Two;25/3/2021;Action;"Co-op;Multiplayer;Split Screen;Local Co-Op;Online Co-Op;Puzzle;Adventure;Story Rich;Co-op Campaign;Local Multiplayer;Puzzle Platformer;Action-Adventure;3D Platformer;Emotional;Platformer;Action;Exploration;Atmospheric;Minigames;Female Protagonist";39,99;94,35;260893;248914;Verified;7826790;15208;No
2379780;Balatro;20/2/2024;Casual;"Card Game;Roguelike;Roguelike Deckbuilder;Deckbuilding;Singleplayer;Strategy;Pixel Graphics;Replay Value;Roguelite;Indie;Turn-Based;Casual;Card Battler;Difficult;2D;Choices Matter;Relaxing;Turn-Based Strategy;Arcade;Procedural Generation";14,99;96,65;191704;187647;Verified;5751120;9311;No
221040;Resident Evil 6;21/3/2013;Action;"Action;Zombies;Co-op;Third-Person Shooter;Horror;Online Co-Op;Co-op Campaign;Multiplayer;Adventure;Split Screen;Local Co-op;Third Person;Shooter;Quick-Time Events;Singleplayer;Survival Horror;Survival;Female Protagonist;Atmospheric;Gore";19,99;76,58;67497;52340;Verified;2024910;2059;No
1190970;House Flipper 2;14/12/2023;Casual;"Relaxing;Building;Immersive Sim;Cleaning;Sandbox;Design & Illustration;Decorating;Economy;Base Building;3D;First-Person;Organizing;Online Co-op;Casual;Simulation;Colorful;Realistic;Family Friendly;Level Editor;Destruction";39,99;85,09;18604;16188;Verified;558120;8617;No
1722860;Munchkin Digital;9/3/2023;Action;"Dragons;Funny;Old School;Adventure;Casual;Board Game;Card Game;RPG;Tabletop;Dungeon Crawler;Turn-Based Strategy;Roguelike;Strategy;Action;2D;Exploration;Hack and Slash;Cartoony;Cartoon;Hand-drawn";14,99;71,81;1556;1159;Playable;46680;63;No
3070070;TCG Card Shop Simulator;15/9/2024;Simulation;"Simulation;Management;Economy;Singleplayer;Collectathon;Capitalism;Trading Card Game;Card Game;Early Access;Trading;Life Sim;3D;First-Person;Shop Keeper;Relaxing;Immersive Sim;Casual;Job Simulator;Indie;Sandbox";12,99;94,82;47557;45961;Playable;1426710;2591;No
380600;Fishing Planet;28/8/2017;Massively Multiplayer;"Fishing;Free to Play;Multiplayer;Simulation;Relaxing;Sports;Realistic;Massively Multiplayer;Co-op;First-Person;Open World;Singleplayer;Online Co-op;VR;Advenutre;Family Friendly;Casual;Action;MMORPG;Farming Sim";0;85,49;74605;64716;Playable;2238150;5436;No
1237970;Titanfall® 2;18/6/2020;Action;"FPS;Mechs;Multiplayer;Shooter;Singleplayer;Parkour;Action;Sci-fi;First-Person;Futuristic;PvP;Military;Combat;Fast-Paced;Team-Based;Time Travel;Hero Shooter;Co-op;Violent;Gore";29,99;94,56;280022;267723;Playable;8400660;2105;No
202970;Call of Duty®: Black Ops II;12/11/2012;Action;"Multiplayer;Action;FPS;Shooter;Singleplayer;First-Person;Co-op;War;Online Co-Op;Team-Based;Futuristic;Controller;Survival;Tactical;Horror;Great Soundtrack;Sci-fi;Adventure;Massively Multiplayer;Atmospheric";59,99;84,81;48741;42022;Unsupported;1462230;183;No
2849080;Kingdom Rush 5: Alliance TD;25/7/2024;Indie;"Strategy;Tower Defense;2D;Singleplayer;Cartoon;Cartoony;Fantasy;Dragons;Building;Indie;Funny;Medieval;Action;Adventure;Comedy;Magic;Dark";19,99;85,96;11262;9941;Playable;337860;524;No
1238840;Battlefield™ 1;11/6/2020;Action;"FPS;Multiplayer;World War I;Singleplayer;War;Shooter;Action;First-Person;Historical;Atmospheric;PvP;Massively Multiplayer;Destruction;Tanks;Gore;Violent;Open World;Physics;great Soundtrack;Co-op";39,99;85,53;219891;190049;Unsupported;6596730;9843;No
2062430;BALL x PIT;15/10/2025;Action;"Action;Roguelite;Arcade;Bullet Hell;Roguelike;Action Roguelike;Shoot 'Em Up;Top-Down Shooter;Pixel Graphics;2D;Top-Down;Building;Base Building;Crafting;Bullet Heaven;Combat;Singleplayer;Indie;Controller;RPG";14,99;93,38;25109;23989;Verified;753270;1446;No
1173800;FINAL FANTASY IV;8/9/2021;RPG;"RPG;JRPG;Exploration;Party-Based RPG;2D;Lore-Rich;Turn-Based Combat;Story Rich;Class-Based;Fantasy;Pixel Graphics;Magic;Emotional;Adventure;Singleplayer;Nostalgia;Retro;Remake;Turn-Based;Great Soundtrack";17,99;87,56;2859;2611;Verified;85770;123;No
292120;FINAL FANTASY® XIII;9/10/2014;RPG;"JRPG;RPG;Female Protagonist;Great Soundtrack;Linear;Singleplayer;Fantasy;Story Rich;Adventure;Cinematic;Sci-fi;Action;Third Person;Atmospheric;Turn-Based Combat;Action RPG;Futuristic;Turn-Based;Strategy;Difficult";15,99;73,78;19434;14588;Playable;583020;517;No
594650;Hunt: Showdown 1896;27/8/2019;Action;"Extraction Shooter;Multiplayer;FPS;PvP;Team-Based;Tactical;Open World;Atmospheric;Western;Perma Death;Shooter;Online Co-op;Co-op;Survival Horror;Difficult;Battle Royale;Action;Gore;Zombies";29,99;73,39;271862;201015;Playable;8155860;28993;No
312520;Rain World;28/3/2017;Action;"Difficult;Atmospheric;Survival;Exploration;Indie;Pixel Graphics;Platformer;2D;Open World;Post-apocalyptic;Adventure;2D Platformer;Cute;Metroidvania;Survival Horror;Physics;Singleplayer;Simulation;Action;Souls-like";24,99;92,41;51765;48704;Playable;1552950;1573;No
2552450;KINGDOM HEARTS III + Re Mind (DLC);13/6/2024;Action;"Action;Adventure;RPG;Singleplayer;Action RPG;JRPG;3D;Action-Adventure;Colorful;Emotional;Story Rich;Atmospheric;Character Action Game;Cute;Magic;Fantasy;Great Soundtrack;Hack and Slash;Anime";59,99;87,19;2473;2253;Verified;74190;452;No
2414270;Sunderfolk;23/4/2025;RPG;"Tactical RPG;Turn-Based Tactics;Fantasy;Party-Based RPG;PvE;Tabletop;Turn-Based Strategy;RPG;Strategy;Isometric;Turn-Based Combat;Team-Based;Colorful;Family Friendly;Class-Based;Co-op;Adventure;Combat;Local Co-op;Choices Matter";49,99;86,45;2011;1821;Verified;60330;1428;No
1203190;Wreckfest 2;20/3/2025;Racing;"Racing;Simulation;Destruction;Combat Racing;Automobile Sim;Multiplayer;Realistic;3D;Driving;First-Person;Physics;Third Person;Vehicular Combat;Singleplayer;Early Access;PvP;VR;Open World";34,99;71,83;5233;3853;Playable;156990;483;No
2502780;Ranger’s Path: National Park Simulator;10/3/2026;Adventure;"Simulation;Adventure;Exploration;Open World;Third Person;Family Friendly;Nature;Cozy;Life Sim;Early Access;Co-op;Creature Collector;Character Customization;Walking Simulator;Co-op Campaign;Multiplayer;Immersive Sim;Online Co-op;Relaxing;Atmospheric";19,99;74,09;419;330;Unsupported;12570;55;No
1173810;FINAL FANTASY V;10/11/2021;RPG;"RPG;Singleplayer;JRPG;2D;Class-Based;Pixel Graphics;Adventure;Exploration;Party-Based RPG;Turn-Based Combat;Emotional;Magic;Lore-Rich;Retro;Remake;Story Rich;Fantasy;Turn-Based;Great Soundtrack;Classic";17,99;85,78;2357;2112;Playable;70710;211;No
22380;Fallout: New Vegas;19/10/2010;Action;"Open World;RPG;Post-apocalyptic;Singleplayer;Moddable;Story Rich;Exploration;First-Person;Action;Adventure;FPS;Sci-fi;Western;Atmospheric;Action RPG;Character Customization;Survival;Sandbox;Shooter;Third Person";9,99;94,92;257543;247233;Playable;7726290;5218;No
962130;Grounded;27/9/2022;Action;"Survival;Multiplayer;Open World Survival Craft;Co-op;Base Building;Crafting;Adventure;Open World;Horror;Online Co-Op;Exploration;Action;Sandbox;First-Person;Singleplayer;RPG;Third Person;Cute;Funny;Early Access";39,99;88,42;93827;84149;Verified;2814810;4154;No
2966320;Starsand Island;11/2/2026;Casual;"Early Access;Life Sim;Farming Sim;RPG;Building;Casual;Sandbox;Simulation;Crafting;Relaxing;Cartoon;3D Platformer;Exploration;Immersive Sim;Anime;3D;Emotional;Atmospheric;Underwater;Cooking;Singleplayer";28,27;79,8;5816;4779;Playable;174480;1069;No
2624870;Life is Strange: Reunion;26/3/2026;Action;"Adventure;LGBTQ+;Action;Choices Matter;Choose Your Own Adventure;Cinematic;Female Protagonist;Emotional;Third Person;Stylized;Atmospheric;Story Rich;Mystery;Supernatural;Romance;Singleplayer;Multiple Endings;Narrative;Politics;Political";39,99;87,16;4774;4311;Playable;143220;255;No
371970;Barony;23/6/2015;Action;"Multiplayer;Dungeon Crawler;Action Roguelike;Roguelike;Online Co-Op;Local Multiplayer;Local Co-Op;First-Person;Fantasy;4 Player Local;Action RPG;Co-op;Singleplayer;RPG;Co-op Campaign;Immersive Sim;Split Screen;Pixel Graphics;Difficult;Indie";19,99;89,18;14919;13647;Verified;447570;1012;No
1205970;MX vs ATV Legends;28/6/2022;Racing;"Racing;Sports;Arcade;First-Person;3D;Realistic;Motocross;Third Person;Driving;Motorbike;Family Friendly;Offroad;Multiplayer;PvP;Controller;Physics;ATV;Open World;Singleplayer;VR";39,99;77,48;4693;3746;Verified;140790;282;No
1173790;FINAL FANTASY III;28/7/2021;RPG;"RPG;JRPG;Singleplayer;2D;Adventure;Class-Based;Exploration;Fantasy;Magic;Nostalgia;Pixel Graphics;Party-Based RPG;Remake;Retro;Turn-Based Combat;Emotional;Story Rich;Lore-Rich;Turn-Based;Great Soundtrack";17,99;89,06;2692;2505;Verified;80760;89;No
1363080;Manor Lords;26/4/2024;Simulation;"City Builder;Strategy;Simulation;Base Building;Medieval;Grand Strategy;Historical;Management;Sandbox;Building;Economy;Resource Management;Open World;Survival;Singleplayer;Colony Sim;Moddable;4X;Diplomacy;Early Access";39,99;83,27;87250;73633;Playable;2617500;4074;No
1984270;Digimon Story Time Stranger;2/10/2025;RPG;"RPG;JRPG;Creature Collector;Anime;Party-Based RPG;3D;Collectathon;Cute;Time Travel;Fantasy;Turn-Based Combat;Emotional;Pixel Graphics;Alternative History;Modern;Mythology;Singleplayer;Character Customization;Story Rich;Team-Based";69,99;87,82;21148;18991;Verified;634440;2069;No
1659040;HITMAN World of Assassination;20/1/2022;Action;"Stealth;Assassin;Singleplayer;VR;Action;Sandbox;Violent;Multiplayer;Shooter;Third Person;Third-Person Shooter;Open World;Realistic;Puzzle;Adventure;Cinematic;Gore;Immersive Sim;Funny;Capitalism";29,99;85,74;63441;55237;Verified;1903230;5990;No
393380;Squad;23/9/2020;Action;"Military;Realistic;FPS;PvP;Multiplayer;PvE;Tactical;Shooter;Action;First-Person;Wargame;Team-Based;Online Co-op;War;Massively Multiplayer;Strategy;Simulation;Modern;Base Building;Immersive Sim";49,99;80,41;237251;192557;Playable;7117530;19672;No
285900;Gang Beasts;12/12/2017;Action;"Funny;Physics;Multiplayer;Colorful;Party Game;Local Multiplayer;Party;Fighting;Comedy;3D Fighter;Casual;Soundtrack;4 Player Local;Co-op;Family Friendly;Beat 'em up;Memes;Third Person;Singleplayer;Indie";19,99;84,18;64885;55442;Verified;1946550;680;No
1716740;Starfield;6/9/2023;RPG;"Space;Open World;Singleplayer;RPG;Sci-fi;Exploration;Character Customization;First-Person;Story Rich;Action-Adventure;Third Person;Adventure;Action RPG;Space Sim;Atmospheric;Moddable;Action;Cinematic;Realistic;Great Soundtrack";49,99;56,67;173444;98612;Unsupported;5203320;9595;No
2643390;Star Trek: Voyager - Across the Unknown;18/2/2026;Indie;"Strategy;Interactive Fiction;Space Sim;Management;Roguelike;Choose Your Own Adventure;Aliens;Sci-fi;Space;3D;Exploration;Futuristic;Lore-Rich;Nostalgia;Survival;Choices Matter;Tactical;Indie;Combat;Dialogue Heavy";34,99;77,71;4136;3316;Playable;124080;621;No
65800;Dungeon Defenders;19/10/2011;Action;"Multiplayer;Online Co-Op;Tower Defense;Singleplayer;Strategy;Survival;Action RPG;Character Customization;Tactical;Family Friendly;Funny;Building;Fantasy;PvE;Strategy RPG;Moddable;RPG;Third Person;3D;Team-Based";14,99;90,96;18843;17559;Unsupported;565290;389;No
2215430;Ghost of Tsushima DIRECTOR'S CUT;16/5/2024;Action;"Open World;Action;Story Rich;Singleplayer;Adventure;Stealth;Combat;Ninja;Third Person;Souls-like;Action-Adventure;Historical;Action RPG;Atmospheric;Exploration;Multiplayer;Gore;Samurai;Violent;Online Co-op";59,99;92,48;91462;85869;Verified;2743860;3715;No
47890;The Sims™ 3;2/6/2009;Simulation;"Life Sim;Simulation;Character Customization;Building;Sandbox;Singleplayer;Casual;Funny;Moddable;Romance;RPG;Family Friendly;Comedy;Adventure;Replay Value;Multiplayer;Nudity;Great Soundtrack;Strategy;Action";19,99;84,71;34090;29412;Unsupported;1022700;1575;No
431240;Golf With Your Friends;19/5/2020;Casual;"Multiplayer;Casual;Mini Golf;Sports;Golf;Indie;Funny;Family Friendly;Co-op;Singleplayer;Physics;Local Multiplayer;Simulation;Strategy;PvP;Memes;Online Co-op;Massively Multiplayer;Action;Adventure";14,99;86,23;73578;64390;Verified;2207340;2330;No
1588550;Cairn;29/1/2026;Action;"Stylized;Indie;Difficult;Exploration;Adventure;Atmospheric;Singleplayer;Survival;Sports;Action-Adventure;Walking Simulator;Open World;Physics;Third Person;Parkour;Story Rich;Cinematic;Simulation;Female Protagonist;Action";29,99;92,25;18743;17723;Verified;562290;549;No
1594320;Captain of Industry;31/5/2022;Indie;"Automation;Resource Management;Base Building;Simulation;Strategy;Economy;Management;Building;Early Access;City Builder;Colony Sim;Singleplayer;Mining;Indie;Transportation;Realistic;Agriculture;Crafting;3D;Multiplayer";34,99;87,43;10910;9850;Playable;327300;3959;No
2358720;Black Myth: Wukong;20/8/2024;Action;"Mythology;Action RPG;Action;Souls-like;RPG;Combat;Story Rich;Singleplayer;Action-Adventure;Dark Fantasy;Atmospheric;Adventure;3D;Fantasy;Hack and Salsh;Difficult;Third Person;Music;Violent;Hentai";59,99;95,85;1200175;1158637;Unsupported;36005250;14050;No
1295510;DRAGON QUEST® XI S: Echoes of an Elusive Age™ - Definitive Edition;4/12/2020;Adventure;"JRPG;Turn-Based Combat;RPG;Party-Based RPG;Story Rich;Dragons;3D;Adventure;Funny;Singleplayer;3d;Fantasy;Colorful;Action;Third Person;Anime;Open World;Crafting;Character Customization;Cartoony";39,99;90,4;11648;10828;Playable;349440;659;No
2168680;Nuclear Option;16/10/2023;Action;"Early Access;Flight;Simulation;Action;Military;War;Wargame;Physics;3D;First-Person;PvP;PvE;Level Editor;Sandbox;Controller;Arcade;Artificial Intelligence;Stealth;Realistic;Sci-fi;Real Time Tactics";19,99;92,62;9080;8676;Playable;272400;1660;No
1260320;Party Animals;20/9/2023;Action;"Multiplayer;Funny;Casual;Cute;Party Game;Co-op;Fighting;Action;PvP;Online Co-Op;Local Multiplayer;Party;Family Friendly;4 Player Local;Physics;Local Co-op;3D Fighter;Team-Based;Indie;Action-Adventure";19,99;76,51;79605;61633;Verified;2388150;7275;No
2623190;The Elder Scrolls IV: Oblivion Remastered;22/4/2025;RPG;"RPG;Open World;Fantasy;Singleplayer;Adventure;Exploration;Character Customization;First-Person;Action RPG;Third Person;Story Rich;Action-Adventure;Great Soundtrack;Atmospheric;Violent;Action;Sexual Content;Gore;Politics;Political";49,99;75,55;68293;52227;Verified;2048790;2158;No
223750;DCS World Steam Edition;2/8/2013;Simulation;"Simulation;Flight;Free to Play;Military;Multiplayer;Realistic;VR;War;Open World;Singleplayer;Shooter;Action;Co-op;Sandbox;TrackIR;First-Person;Tanks;Strategy;FPS;Massively Multiplayer";0;83,59;40324;34287;Playable;1209720;1030;No
1671210;DELTARUNE;4/6/2025;Indie;"Story Rich;Great Soundtrack;Pixel Graphics;Funny;RPG;Singleplayer;Bullet Hell;Emotional;2D;Comedy;Fantasy;Soundtrack;Music;Mystery;Action RPG;Dark;Episodic;Retro;JRPG;Surreal";24,99;96,9;100357;98764;Verified;3010710;1709;No
714010;Aimlabs;17/6/2023;Action;"FPS;Free to Play;Shooter;Simulation;Action;First-Person;Third-Person Shooter;Software;Score Attack;eSports;Controller;Level Editor;Competitive;Co-op;PvP;PvE;Education;3D;Sniper;Casual";0;90,14;134761;123071;Playable;4042830;7249;No
1364780;Street Fighter™ 6;2/6/2023;Action;"2D Fighter;Fighting;Arcade;Character Customization;Multiplayer;Action;Competitive;PvP;Adventure;Local Multiplayer;eSports;Singleplayer;Controller;Open World;Martial Arts;3D;Action RPG;Great Soundtrack;Female Protagonist;Psychological Horror";39,99;82,19;74193;61822;Verified;2225790;35608;No
2070270;Cloudheim;4/12/2025;Action;"Early Access;Action RPG;Online Co-Op;Crafting;Physics;Action-Adventure;Adventure;Fantasy;Action;Colorful;Exploration;Dungeon Crawler;Bulding;Third Person;Co-op;Multiplayer;Singleplayer;3D;Hack and Slash;Family Friendly;RPG";29,99;79,11;1494;1236;Playable;44820;142;No
655500;MX Bikes;7/10/2019;Racing;"Motocross;Motorbike;Multiplayer;Realistic;VR;Offroad;Simulation;Racing;Moddable;Controller;eSports;Automobile Sim;Bikes;Early Access;Physics;Difficult;Immersive Sim;First-Person;3D;Third Person";34,99;92,48;35121;33148;Playable;1053630;4217;No
1466860;Age of Empires IV: Anniversary Edition;28/10/2021;Strategy;"Strategy;RTS;Base Building;Multiplayer;War;Medieval;Singleplayer;Resource Management;City Builder;Historical;Action RPS;PvP;PvE;Co-op;3D;Management;Isometric;Open World;Online Co-op;4X";39,99;84,6;92811;79583;Playable;2784330;14818;No
1607250;MY HERO ULTRA RUMBLE;28/9/2023;Action;"Anime;Free to Play;Multiplayer;Battle Royale;PvP;3D Fighter;Team-Based;Action;Online Co-Op;3D;Superhero;Third Person;Combat;Casual;Co-op;Shooter;Third-Person Shooter;eSports;Stylized;Sexual Content";0;67,48;25802;17633;Unsupported;774060;4853;No
1222680;Need for Speed™ Heat;4/6/2020;Action;"Racing;Multiplayer;Open World;Driving;Singleplayer;Action;Co-op;Adventure;Combat Racing;Atmospheric;Online Co-op;Arcade;Controller;Third Person;Sports;PvP;First-Person;Character Customization;Destruction;Split Screen";69,99;83,21;148651;125097;Playable;4459530;2501;No
3008130;Dying Light: The Beast;18/9/2025;Action;"Zombies;Open World;Multiplayer;First-Person;Horror;Parkour;Action;Co-op Campaign;Gore;Singleplayer;Post-apocalyptic;Exploration;Story Rich;Combat;RPG;Action-Adventure;Violent;Realistic;Adventure;Action RPG";59,99;85,53;67958;59001;Verified;2038740;3585;No
2116120;Incursion Red River;10/4/2024;Action;"Extraction Shooter;PvE;Realistic;FPS;Action;Gun Customization;Tactical;Online Co-Op;Early Access;Singleplayer;Shooter;Military;Combat;Looter Shooter;Co-op;3D;Dark;Multiplayer;Controller;First-Person";21,99;74,5;8532;6503;Playable;255960;534;No
2747330;Species: Unknown;23/10/2025;Action;"Early Access;Horror;Online Co-Op;First-Person;Atmospheric;Aliens;Survival Horror;Stealth;Exploration;Multiplayer;PvE;Sci-fi;Investigation;FPS;Shooter;3D;Psychological Horror;Action;Indie;Space;Realistic";9,99;91,76;7805;7397;Unsupported;234150;4112;No
2201320;Date Everything!;17/6/2025;Simulation;"LGBTQ+;Sexual Content;Dating Sim;Romance;Simulation;Singleplayer;Comedy;Multiple Endings;Choose Your Own Adventure;Visual Novel;Cute;Funny;Nudity;Indie;Colorful;Cartoony;Casual;Anime;Abstract;Narrative";29,99;90,7;7110;6664;Verified;213300;417;No
2429640;Throne and Liberty;1/10/2024;Action;"MMORPG;Free to Play;Open World;Massively Multiplayer;RPG;Fantasy;Character Customization;PvP;PvE;Multiplayer;Action;Adventure;Third Person;Exploration;Action-Adventure;Online Co-op;Combat;Crafting;Co-op;Emotional";0;66,71;68074;45823;Playable;2042220;6223;No
2950340;LEGO® Harry Potter™ Collection;8/10/2024;Action;"Casual;Action;Family Friendly;Adventure;3D Platformer;Multiplayer;Co-op;Action-Adventure;Local Co-Op;3D;Puzzle;Local Multiplayer;Singleplayer;Magic";39,99;78,89;1368;1130;Verified;41040;259;No
3357650;PRAGMATA;17/4/2026;Action;"Sci-fi;Cute;Action;Third-Person Shooter;Funny;Adventure;Robots;Futuristic;Singleplayer;Action-Adventure;Third Person;Hacking;Story Rich;Space;3D;Artificial Intelligence;PvE;Realistic;Female Protagonist;Souls-like";59,99;95;45167;43749;Verified;1355010;4855;No
3602570;Horsey Game;18/2/2026;Indie;"Simulation;Creature Collector;Life Sim;Sandbox;2D;Colorful;Pixel Graphics;Agriculture;Capitalism;Horses;Gambling;Management;Nature;Science;Transhumanism;Open World;Physics;Procedural Generation;Singleplayer;Indie";9,99;92,37;2226;2159;Playable;66780;383;No
1922560;Plants vs. Zombies™ Garden Warfare 2: Deluxe Edition;16/5/2022;Action;"Zombies;PvP;Hero Shooter;Third-Person Shooter;Multiplayer;Funny;Character Customization;Action;Shooter;Team-Based;Third Person;Controller;Casual;Cartoon;Colorful;Cute;Combat;Atmospheric;Co-op;Online Co-op";29,99;88,42;48002;43191;Unsupported;1440060;1016;No
2507950;Delta Force;4/12/2024;Action;"Free to Play;Extraction Shooter;Multiplayer;FPS;Shooter;Singleplayer;Action;Gun Customization;Co-op;Massively Multiplayer;PvP;First-Person;PvE;Team-Based;Tactical;Online Co-op;Military;Looter Shooter;Co-op Campaign;Hero Shooter";0;58;183716;106943;Unsupported;5511480;137186;No
3489700;Stellar Blade™;11/6/2025;Action;"Female Protagonist;Action;Sexual Content;Hack and Slash;Souls-like;Singleplayer;Third Person;Action RPG;Post-apocalyptic;Adventure;Action-Adventure;Combat;Futuristic;3D;Story Rich;Multiple Endings;Dystopian;Quick-Time Events;Stylized;Nudity";59,99;92,64;87054;81893;Verified;2611620;3908;No
2701660;DRAGON QUEST III HD-2D Remake;14/11/2024;RPG;"RPG;JRPG;Pixel Graphics;Turn-Based Combat;Singleplayer;2.5D;Fantasy;Remake;Story Rich;Cute;Party-Based RPG;1980s;Old School;Colorful;Combat;Turn-Based;Nostalgia;Lore-Rich;Emotional;Atmospheric";59,99;75,11;4775;3688;Verified;143250;208;No
1888930;The Last of Us™ Part I;28/3/2023;Action;"Story Rich;Post-apocalyptic;Horror;Zombies;Action-Adventure;Shooter;Singleplayer;Third-Person Shooter;Survival;Third Person;Survival Horror;Cinematic;Emotional;Action;Adventure;Atmospheric;Thriller;Remake;Soundtrack;Violent";59,99;82,67;103247;86428;Verified;3097410;1940;No
1237950;STAR WARS™ Battlefront™ II;11/6/2020;Action;"Multiplayer;Shooter;Third-Person Shooter;Space;Singleplayer;Sci-fi;Action;FPS;Co-op;Combat;Online Co-op;Vehicular Combat;First-Person;Third Person;Controller;PvP;Adventure;Aliens;Tactical;Character Customization";39,99;86,99;96809;85382;Unsupported;2904270;5073;No
2881650;Content Warning;1/4/2024;Action;"Horror;Online Co-Op;Procedural Generation;Exploration;Action Roguelike;Multiplayer;Comedy;Physics;Co-op;Funny;First-Person;Psychological Horror;Survival Horror;Atmospheric;Post-apocalyptic;Adventure;3D;Time Management;Investigation;Mystery";7,99;92,84;159304;149799;Verified;4779120;1775;No
703080;Planet Zoo;5/11/2019;Casual;"Zoo;Management;Simulation;Building;Sandbox;Nature;City Builder;Economy;Realistic;Singleplayer;Family Friendly;Cute;Resource Management;Multiplayer;Strategy;Great Soundtrack;Relaxing;Open World;Casual;Animals";44,99;89,83;94761;86359;Playable;2842830;3998;No
242760;The Forest;30/4/2018;Action;"Open World Survival Craft;Survival;Horror;Open World;Crafting;Adventure;Building;Survival Horror;First-Person;Action;Exploration;Sandbox;Singleplayer;Atmospheric;Simulation;Gore;Realistic;Indie;Zombies;Early Access";19,99;94,74;670372;640475;Playable;20111160;4840;No
1783560;The Last Caretaker;6/11/2025;Action;"Early Access;Survival;Base Building;Crafting;Automation;Open World;Sandbox;First-Person;Singleplayer;Resource Management;Management;Simulation;Atmospheric;Exploration;Post-apocalyptic;Lore-Rich;Sci-fi;Physics;Immersive Sim;Sailing;Underwater";34,99;83,5;11101;9509;Unsupported;333030;5511;No
1863430;Dragonkin: The Banished;16/3/2026;Action;"Hack and Slash;Action RPG;Action;Loot;Adventure;RPG;Isometric;Dungeon Crawler;Fantasy;Top-Down;Dragons;Indie;Singleplayer;Dark Fantasy;Early Access;Co-op;Local Co-op";24,99;72,16;2462;1834;Playable;73860;288;No
2141730;Backrooms: Escape Together;18/10/2022;Action;"Multiplayer;Horror;Online Co-Op;Psychological Horror;Survival Horror;Co-op;Atmospheric;Realistic;First-Person;Early Access;Exploration;Procedural Generation;Adventure;Casual;Puzzle;Action;3D;Singleplayer;Action-Adventure;Sci-fi";9,99;86,81;36563;32336;Playable;1096890;1379;No
1645820;SurrounDead;24/6/2022;Action;"Zombies;Survival;Open World;Post-apocalyptic;Singleplayer;Exploration;Shooter;RPG;Loot;Base Building;Open World Survival Craft;Third Person;PvE;Co-op;Early Access;Indie;Adventure;Action;First-Person;Third-Person Shooter";11,99;89,85;24846;22818;Playable;745380;1461;No
1030300;Hollow Knight: Silksong;4/9/2025;Action;"Metroidvania;Difficult;Indie;Great Soundtrack;Souls-like;2D;Singleplayer;Platformer;Exploration;Female Protagonist;Adventure;Beautiful;Atmospheric;Story Rich;Sequel;Hand-drawn;Action;Multiple Endings;Open World;Cute";19,99;88,48;408058;364318;Verified;12241740;8852;No
374320;DARK SOULS™ III;11/4/2016;Action;"Souls-like;Dark Fantasy;Difficult;RPG;Atmospheric;Lore-Rich;Third Person;Exploration;Story Rich;Action RPG;Co-op;Great Soundtrack;Adventure;Action;Multiplayer;PvP;Open World;Singleplayer;Character Customization;Replay Value";59,99;93,45;435564;410930;Verified;13066920;6305;No
3576870;Blossom: The Seed of Life;9/3/2026;Adventure;"Open World Survival Craft;Mars;Base Building;Exploration;Robots;Sandbox;Space Sim;Building;Crafting;Open World;Survival;Sci-fi;Post-apocalyptic;Resource Management;Automation;Atmospheric;Agriculture;Singleplayer;3D";16,99;83,98;885;788;Verified;26550;115;No
3035120;Is This Seat Taken?;7/8/2025;Casual;"Puzzle;Casual;Relaxing;Cute;Logic;Cozy;Wholesome;Colorful;Family Friendly;Singleplayer;2D;Funny;Point & Click;Atmospheric;Indie";9,99;94,39;8307;8102;Verified;249210;179;No
3180070;No, I'm not a Human;15/9/2025;Indie;"Horror;Psychological Horror;Choices Matter;Indie;Singleplayer;Story Rich;Atmospheric;Multiple Endings;Dark;First-Person;Psychological;Gore;Mystery;Thriller;Retro;Narrative;Simulation;Casual;Psychedelic;Outbreak Sim";14,99;91,19;28249;26317;Playable;847470;537;No
413410;Danganronpa: Trigger Happy Havoc;18/2/2016;Adventure;"Visual Novel;Anime;Detective;Mystery;Story Rich;Great Soundtrack;Singleplayer;Psychological Horror;Horror;Adventure;Dark Comedy;Dark Humor;Puzzle;Point & Click;Funny;Comedy;Exploration;Survival;Action;Memes";19,99;94,06;36898;35424;Playable;1106940;642;No
1374490;RuneScape: Dragonwilds;15/4/2025;Action;"Open World;Survival;Open World Survival Craft;Multiplayer;Co-op;Online Co-Op;Early Access;Crafting;Building;Exploration;Base Building;Adventure;Action;RPG;Dragons;Sandbox;Singleplayer;Fantasy;Third Person;Magic";29,99;79,85;25030;20358;Unsupported;750900;2601;No
289070;Sid Meier’s Civilization® VI;21/10/2016;Strategy;"Strategy;Turn-Based Strategy;Multiplayer;Historical;Grand Strategy;Singleplayer;Turn-Based;4X;City Builder;War;Simulation;Tactical;Management;Building;Moddable;Online Co-op;Great Soundtrack;Co-op;Hex Grid;Atmospheric";59,99;85,28;374094;321851;Playable;11222820;38248;No
377840;FINAL FANTASY IX;14/4/2016;RPG;"JRPG;Story Rich;Great Soundtrack;Fantasy;RPG;Classic;Turn-Based Combat;Singleplayer;Adventure;Turn-Based;Atmospheric;Open World;Party-Based RPG;Funny;Steampunk;Medieval;Exploration;Anime;Action;Romance";20,99;92,53;13810;13131;Playable;414300;557;No
508440;Totally Accurate Battle Simulator;1/4/2021;Indie;"Sandbox;Simulation;Funny;War;Strategy;Physics;Singleplayer;Realistic;Indie;Adventure;Colorful;Fantasy;3D;Action;Comedy;Historical;Family Friendly;Wargame;Cute;Memes";19,99;96,49;150016;146727;Verified;4500480;1833;No
292140;FINAL FANTASY® XIII-2;11/12/2014;RPG;"JRPG;RPG;Female Protagonist;Fantasy;Singleplayer;Great Soundtrack;Story Rich;Time Travel;Adventure;Anime;Action;Sci-fi;Third Person;Open World;Cinematic;Action RPG;Turn-Based;Atmospheric;Linear;Turn-Based Combat";19,99;57,8;6241;3645;Playable;187230;122;No
268910;Cuphead;29/9/2017;Action;"Difficult;Cartoon;Co-op;Platformer;Local Co-Op;Great Soundtrack;2D;Multiplayer;Indie;Hand-drawn;Cartoony;Bullet Hell;Retro;Action;Shoot 'Em Up;Singleplayer;Side Scroller;Souls-like;Colorful;Funny";19,99;95,07;209865;201948;Verified;6295950;2420;No
3228590;Deadzone: Rogue;11/8/2025;Action;"Roguelike;FPS;Online Co-Op;PvE;Roguelite;Looter Shooter;First-Person;Horror;Dungeon Crawler;Shooter;Action;Post-apocalyptic;Action Rougelike;3D;Zombies;Sci-fi;Bullet Hell;Atmospheric;Loot;Dark";24,99;81,55;15380;12824;Verified;461400;1021;No
225540;Just Cause™ 3;1/12/2015;Action;"Open World;Action;Destruction;Multiplayer;Third-Person Shooter;Singleplayer;Shooter;Adventure;Sandbox;Third Person;Exploration;Physics;Funny;Atmospheric;Co-op;Parkour;Comedy;Great Soundtrack;Moddable;RPG";19,99;83,31;126694;106816;Playable;3800820;949;No
1026680;FINAL FANTASY VIII - REMASTERED;3/9/2019;Adventure;"RPG;Adventure;JRPG;Story Rich;Turn-Based;Great Soundtrack;Singleplayer;Classic;Fantasy;Turn-Based Combat;Anime;Romance;Remake;Sci-fi;Card Game;Open World";19,99;73,23;5370;4034;Verified;161100;306;No
2238900;STAR OCEAN THE SECOND STORY R;2/11/2023;Action;"RPG;JRPG;Pixel Graphics;Action RPG;Action;PvE;Story Rich;2D;Multiple Endings;Fantasy;1990's;Space;2D Platformer;Remake;Singleplayer;2.5D;Retro;Anime;Sci-fi;Female Protagonist";49,99;89,82;3895;3639;Verified;116850;81;No
517630;Just Cause 4 Reloaded;4/12/2018;Action;"Open World;Action;Destruction;Singleplayer;Adventure;Sandbox;Third-Person Shooter;Shooter;Physics;Violent;Funny;Story Rich;Gore;Atmospheric;Co-op;Driving;Third Person;FPS;Heist;Comedy";39,64;61,39;31805;19692;Playable;954150;227;No
1527950;Wartales;12/4/2023;Adventure;"RPG;Open World;Turn-Based Strategy;Medieval;Party-Based RPG;Turn-Based Combat;Co-op;Adventure;Tactical RPG;Strategy;Multiplayer;Singleplayer;Exploration;Sandbox;Survival;Turn-Based;Story Rich;Online Co-op;Indie;Violent";34,99;84,73;34829;30054;Verified;1044870;1913;No
1676840;For The King II;2/11/2023;Adventure;"Adventure;RPG;Strategy;Party-Based RPG;Board Game;Roguelike;Turn-Based Strategy;Online Co-Op;Turn-Based Combat;Multiplayer;Roguelite;Tabletop;Co-op;Local Co-op;Fantasy;Hex Grid;Local Multiplayer;Open World;Singleplayer;PvP";24,99;69,5;15595;11015;Verified;467850;2087;No
3159330;Assassin’s Creed Shadows;20/3/2025;Action;"Action;Adventure;Open World;Ninja;Samurai;Stealth;Combat;Assassins;3D;Action;Historical;Adventure;Base Building;Singleplayer;RPG;Swordplay;Third Person;Female Protagonist;Parkour;Violent;Exploration";69,99;75,06;36589;27870;Verified;1097670;1738;No
49520;Borderlands 2;18/9/2012;Action;"Loot;Shooter;Action;Multiplayer;Co-op;Looter Shooter;FPS;RPG;First-Person;Funny;Comedy;Open World;Combat;Online Co-op;Adventure;Action RPG;Dark Humor;Singleplayer;Memes;Sci-fi";19,99;87,67;318530;281949;Playable;9555900;3246;No
1173770;FINAL FANTASY;28/7/2021;RPG;"JRPG;RPG;Turn-Based Combat;Pixel Graphics;Party-Based RPG;2D;Exploration;Fantasy;Class-Based;Retro;Singleplayer;Magic;Adventure;Nostalgia;Remake;Emotional;Story Rich;Lore-Rich;Anime;Heist";11,99;91,99;8214;7801;Verified;246420;120;No
42700;Call of Duty®: Black Ops;9/11/2010;Action;"Action;FPS;Zombies;Multiplayer;Shooter;Singleplayer;Cold War;First-Person;War;Military;Online Co-op;Co-op;Gore;Story Rich;Controller;Adventure;Linear;Massively Multiplayer;Horror;Great Soundtrack";39,99;89,33;42543;38708;Playable;1276290;503;No
2996040;Teenage Mutant Ninja Turtles: Splintered Fate;6/11/2024;Action;"Co-op;Action Roguelike;Multiplayer;PvE;Adventure;Action;Story Rich;Controller;2.5D;Local Co-op;Strategy;Roguelite;Hack and Slash;Dungeon Crawler;Beat 'em up;Co-op Campaign;RPG;Action RPG;Fighting;Singleplayer";29,99;80,23;4098;3398;Verified;122940;252;No
307690;Sleeping Dogs: Definitive Edition;14/10/2014;Action;"Open World;Action;Martial Arts;Crime;Singleplayer;Third Person;Story Rich;Parkour;Multiplayer;Adventure;Gore;Racing;Atmospheric;Shooter;Third-Person Shooter;Sandbox;Great Soundtrack;Fighting;Remake;Beat 'em up";19,99;92,52;76794;72192;Playable;2303820;649;No
3364070;The Jackbox Party Pack 11;23/10/2025;Adventure;"Casual;Strategy;Party Game;Board Game;Trivia;2D;Cartoony;Colorful;Cute;Comedy;Co-op;Family Friendly;Multiplayer;Local Multiplayer;Fantasy;Party;Funny;Online Co-op;Local Co-op;PvP";29,99;86,53;466;435;Verified;13980;135;No
304240;Resident Evil;20/1/2015;Action;"Survival Horror;Zombies;Horror;Classic;Remake;Atmospheric;Singleplayer;Puzzle;Survival;Adventure;Third Person;Action;Female Protagonist;Story Rich;Difficult;Gore;Shooter;Great Soundtrack;Third-Person Shooter;Co-op";19,99;90,45;34626;31950;Verified;1038780;498;No
567640;Danganronpa V3: Killing Harmony;26/9/2017;Adventure;"Visual Novel;Detective;Female Protagonist;Anime;Story Rich;Mystery;Great Soundtrack;Singleplayer;Psychological Horror;Dark Humor;Horror;Puzzle;Adventure;Dark Comedy;Dark;Atmospheric;Funny;Dating Sim;Memes;Comedy";39,99;81,4;22392;18589;Unsupported;671760;560;No
2794590;Scam Line;10/1/2026;Indie;"Multiplayer;Indie;Co-op;PvP;Dark;Funny;Online Co-Op;Casual;Social Deduction;Puzzle;Strategy;Pixel Graphics;Early Access;First-Person;3D;Horror";4,99;81,29;1035;887;Playable;31050;338;No
1107320;OUTBRK;28/6/2024;Action;"Simulation;Realistic;Multiplayer;Open World;Nature;Science;Early Access;Immersive Sim;Atmospheric;Strategy;Adventure;Action;Singleplayer;Indie;Casual;Action-Adventure;Exploration;First-Person;Destruction;3D";34,99;78,64;3148;2563;Unsupported;94440;96;No
1222700;A Way Out;18/6/2020;Action;"Online Co-Op;Co-op;Split Screen;Story Rich;Local Co-Op;Multiplayer;Action-Adventure;Action;Adventure;Crime;Third Person;Emotional;Dialogue Heavy;Atmospheric;Nudity;Cinematic;Sexual Content;Singleplayer;Violent;Indie";29,99;86,72;100557;88392;Playable;3016710;642;No
2567870;Chained Together;19/6/2024;Adventure;"Co-op;Adventure;Casual;Platformer;Multiplayer;Puzzle Platformer;Online Co-Op;Simulation;3D Platformer;Action-Adventure;Funny;Third Person;Exploration;Post-apocalyptic;Emotional;Physics;Mystery;Surreal;Controller;Choices Matter";4,99;88,55;61324;55188;Unsupported;1839720;3114;No
552500;Warhammer: Vermintide 2;8/3/2018;Action;"Co-op;Dark Fantasy;Hack and Slash;Online Co-Op;Multiplayer;Dwarves;Gore;PvE;First-Person;Fantasy;RPG;Elves;Roguelite;Combat;Action RPG;Action;Atmospheric;FPS;Singleplayer;Adventure";29,99;84,04;146209;124308;Unsupported;4386270;4554;No
2531310;The Last of Us™ Part II Remastered;3/4/2025;Action;"Story Rich;Post-apocalyptic;Third-Person Shooter;Action-Adventure;LGBTQ+;Horror;Third Person;Action;Stealth;Emotional;Realistic;Singleplayer;Atmospheric;Survival;Adventure;Thriller;Survival Horror;Dark;Sequel;Female Protagonist";49,99;89,44;50186;45679;Verified;1505580;2230;No
2142790;Fields of Mistria;5/8/2024;Indie;"Early Access;Farming Sim;Dating Sim;RPG;Life Sim;Pixel Graphics;Romance;Simulation;Cute;Farming;Relaxing;Agriculture;Anime;Sandbox;2D;Open World;Crafting;Building;Cooking;LGBTQ+;Mining";13,99;95,59;27807;27190;Verified;834210;2167;No
2101390;Lost and Found Co.;6/3/2026;Casual;"Hidden Object;Puzzle;Point & Click;2D;Cute;Isometric;Funny;Relaxing;Story Rich;Casual;Colorful;Hand-drawn;Family Friendly;Atmospheric;Adventure;Decorating;Singleplayer;Cozy;Indie;Wholesome";17,99;92,35;2123;2060;Verified;63690;192;No
936790;Life is Strange: True Colors;9/9/2021;Action;"Choices Matter;Story Rich;LGBTQ+;Female Protagonist;Multiple Endings;Choose Your Own Adventure;Romance;Emotional;Third Person;Atmospheric;Adventure;Singleplayer;Action;Mystery;Cinematic;Stylized;Narrative;Supernatural;Great Soundtrack;Sexual Content";59,99;86,78;16620;14769;Verified;498600;66;No
1127400;Mindustry;26/9/2019;Strategy;"Base Building;Tower Defense;Resource Management;Automation;Strategy;Sandbox;Building;Multiplayer;Co-op;RTS;2D;Online Co-op;Pixel Graphics;Singleplayer;Survival;PvE;Indie;Management;PvP;Action";9,99;93,65;26645;25521;Playable;799350;1555;No
767560;War Robots;4/4/2018;Action;"Robots;Mechs;Free to Play;PvP;Multiplayer;Shooter;Third-Person Shooter;3D;Arena Shooter;Third Person;Action;Vehicular Combat;Controller;Sci-fi;Realistic;Tactical;Combat;Massively Multiplayer;Co-op;War";0;59,64;29970;18011;Verified;899100;2138;No
400750;Call to Arms - Gates of Hell: Ostfront;11/6/2021;Action;"World War II;Strategy;Real Time Tactics;Historical;RTS;Third Person;War;Singleplayer;Moddable;Multiplayer;Military;Realistic;PvE;Top-Down Shooter;Inventory Management;PvP;Online Co-op;Shooter;Level Editor;Replay Value";34,99;83,52;32046;27259;Unsupported;961380;5124;No
924970;Back 4 Blood;12/10/2021;Action;"Zombies;Online Co-Op;Multiplayer;Gore;FPS;Shooter;Co-op;Action;Horror;Singleplayer;First-Person;Survival;Violent;Adventure;Survival Horror;PvE;PvP;Roguelite;Replay Value;Sexual Content";59,99;68,18;72593;49967;Playable;2177790;1275;No
1451050;Sherman Commander;14/3/2026;Action;"Tactical;World War II;Historical;Military;Vehicular Combat;Simulation;RTS;Wargame;Tanks;War;Strategy;Immersive Sim;Indie;Solitaire;Combat;Realistic;Action;Singleplayer;3D;Real Time Tactics";29,99;63,81;131;89;Unsupported;3930;7;No
1011670;Totally Reliable Delivery Service;1/4/2021;Action;"Action;Sandbox;Funny;Physics;Casual;Co-op;Open World;3D;Local Multiplayer;Simulation;Split Screen;Third Person;Action-Adventure;Adventure;Comedy;Cute;Colorful;Multiplayer;4 Player Local;Local Co-op";14,99;74,33;2157;1661;Verified;64710;12;No
2016590;Dark and Darker;7/6/2024;Action;"Early Access;Dungeon Crawler;Multiplayer;Loot;Medieval;Extraction Shooter;PvP;RPG;Online Co-Op;PvE;Battle Royale;First-Person;Fantasy;Survival;Class-Based;Magic;Swordplay;Exploration;Dark;Team-Based;Free To Play";0;64,32;82934;53751;Unsupported;2488020;12888;No
1913370;OPERATOR;1/8/2023;Action;"Early Access;Realistic;Shooter;Tactical;Action;Simulation;FPS;PvE;War;Gore;Gun Customization;Multiplayer;Character Customization;Singleplayer;First-Person;Strategy;RPG;Dark;Combat;PvP;Real Time Tactics";19,99;82,06;6025;5096;Playable;180750;935;No
1599600;PlateUp!;4/8/2022;Action;"Co-op;Management;Cooking;Local Co-Op;Roguelite;Building;Roguelike;Cute;Funny;Procedural Generation;Online Co-op;4 Player Local;Base Building;Casual;Controller;Strategy;Action Rougelike;Top-Down;Singleplayer;Action";19,99;92,66;26312;24931;Verified;789360;1580;No
1643320;S.T.A.L.K.E.R. 2: Heart of Chornobyl;20/11/2024;Action;"Open World;FPS;Post-apocalyptic;Survival;Atmospheric;Singleplayer;Shooter;Exploration;RPG;Story Rich;First-Person;Action;Lore-Rich;Sci-fi;Nonlinear;Multiple Endings;Realistic;Choices Matter;Immersive Sim;Cinematic";59,99;78,52;134087;106415;Unsupported;4022610;6519;No
2640950;Scott Pilgrim EX;3/3/2026;Action;"Action;Adventure;Beat 'em up;Pixel Graphics;2D;Funny;Retro;4 Player Local;Female Protagonist;Local Co-Op;Local Multiplayer;Multiplayer;Online Co-op;Singleplayer;Fighting;Co-op;Action RPG;Indie";28,99;80,42;461;397;Verified;13830;32;No
850190;Goat Simulator 3;15/2/2024;Adventure;"Physics;Sandbox;Exploration;Open World;Simulation;Character Customization;3D;Casual;Action-Adventure;Comedy;Multiplayer;Co-op;Cartoony;Adventure;Colorful;Family Friendly;Local Co-op;Online Co-op;Funny;Singleplayer";29,99;95,13;15152;14813;Verified;454560;373;No
2350790;Moonlighter 2: The Endless Vault;19/11/2025;Action;"Early Access;RPG;Shop Keeper;Action-Adventure;Roguelike;Inventory Management;Roguelite;Action;Procedural Generation;Exploration;Hack and Slash;Action Rougelike;Action RPG;Singleplayer;Adventure;Management;Fantasy;Replay Value;Capitalism;Dungeon Crawler;3D";29,99;82,67;2760;2373;Verified;82800;503;No
1533390;Gorilla Tag;1/1/2023;Action;"VR;Psychological Horror;Multiplayer;First-Person;Parkour;Funny;Horror;3D;3D Platformer;Action;PvP;Nature;Physics;Survival Horror;Casual;Platformer;Moddable;6DOF;Early Access;Minimalist";19,99;89,91;83347;76070;Unsupported;2500410;1262;No
3557620;Blue Archive;4/7/2025;Adventure;"Cute;Funny;Anime;Epic;RPG;Story Rich;Strategy;Lore-Rich;Singleplayer;PvE;Sexual Content;Tactical RPG;Cinematic;Fantasy;Strategy RPG;Combat;Cartoony;Hentai;Animation & Modeling;PvP";0;89,9;20712;19056;Verified;621360;15629;No
2541530;AETHUS;6/3/2026;Adventure;"Survival;Base Building;Story Rich;Crafting;Mining;Exploration;Narrative;Sci-fi;Building;Open World;Sandbox;Female Protagonist;Resource Management;Top-Down;Action-Adventure;Adventure;Space;Automation;Singleplayer;Open World Survival Craft";19,99;90,47;1747;1664;Playable;52410;112;No
1041720;Kingdoms of Amalur: Re-Reckoning;8/9/2020;Action;"RPG;Action;Action RPG;Fantasy;Open World;Singleplayer;Character Customization;Combat;Hack and Slash;Atmospheric;Third Person;Adventure;Gore;Story Rich;Fighting;Loot;Choices Matter;Magic;Exploration;Remake";39,99;75,34;7921;6112;Verified;237630;247;No
3450310;Europa Universalis V;4/11/2025;Strategy;"Grand Strategy;Strategy;Historical;Simulation;Economy;Trading;Wargame;Diplomacy;Resource Management;War;Alternate History;Immersive Sim;4X;Singleplayer;Multiplayer;Choices Matter;Realistic;Cinematic;Building;3D";59,99;68,57;28543;19825;Playable;856290;10163;No
292030;The Witcher 3: Wild Hunt;18/5/2015;RPG;"Open World;RPG;Story Rich;Atmospheric;Fantasy;Adventure;Singleplayer;Nudity;Choices Matter;Great Soundtrack;Third Person;Medieval;Action;Multiple Endings;Action RPG;Dark Fantasy;Magic;Dark;Sandbox;Sexual Content";39,99;95,41;880598;846798;Verified;26417940;15013;No
767320;Granblue Fantasy;10/3/2026;RPG;"RPG;JRPG;Party-Based RPG;Online Co-Op;2D Platformer;PvE;Turn-Based Tactics;2D;Story Rich;Team-Based;Fantasy;Choices Matter;Casual;Action;Mytholgy;Magic;Emotional;Multiplayer;Singleplayer;Class-Based";0;41,26;886;354;Playable;26580;290;No
1217060;Gunfire Reborn;18/11/2021;Action;"Roguelite;FPS;Roguelike;Online Co-Op;Co-op;Multiplayer;Looter Shooter;Indie;Action;Action Rougelike;RPG;Shooter;Adventure;First-Person;Dungeon Crawler;Replay Value;Singleplayer;Fast-Paced;Loot;Early Access";19,99;91,85;103030;96007;Verified;3090900;1671;No
2688950;Planet Coaster 2;6/11/2024;Simulation;"Simulation;Sandbox;Strategy;Building;City Builder;3D;Singleplayer;God Game;Economy;Realistic;Management;Colorful;Online Co-op;Atmospheric;Family Friendly;Relaxing;Funny;Multiplayer;Asynchronous Multiplayer;VR";49,99;71,43;13308;9679;Verified;399240;1817;No
2399420;Le Mans Ultimate;22/7/2025;Racing;"Racing;Automobile Sim;Driving;Multiplayer;Realistic;VR;Simulation;Singleplayer;PvP;Sports;Immersive Sim;Early Access";39,99;77,27;17591;13859;Unsupported;527730;5041;No
2737070;Crime Simulator;17/6/2025;Action;"Multiplayer;Simulation;Online Co-Op;Crime;Heist;First-Person;FPS;Action;Co-op Campaign;Singleplayer;Action-Adventure;Life Sim;Immersive Sim;Funny;Stealth;Driving;Hacking;Realistic;Indie;Co-op";14,99;80,2;6069;5011;Playable;182070;1693;No
2064610;Relic Guardian - Tower Defense;22/10/2025;Adventure;"Strategy;Tower Defense;2D;Fantasy;Pixel Graphics;Cartoony;Casual;Singleplayer;Tactical;Funny;Cartoon;Action-Adventure;Cute;Indie;Colorful;Building;Adventure;Comedy;RPG;Stylized";19,99;89,69;1008;961;Playable;30240;26;No
345350;LIGHTNING RETURNS™: FINAL FANTASY® XIII;10/12/2015;RPG;"RPG;JRPG;Female Protagonist;Fantasy;Open World;Great Soundtrack;Singleplayer;Story Rich;Adventure;Anime;Action;Action RPG;Third Person;Character Customization;Hack and Slash;Atmospheric;Cute;Exploration;Turn-Based";19,99;76,71;4728;3734;Playable;141840;75;No
3767740;Outhold;12/12/2025;Casual;"Incremental;Tower Defense;Strategy;Minimalist;Management;Relaxing;Casual;Arcade;Shooter;Combat;2D;Colorful;Simulation;Singleplayer;Rougelike;Top-Down;Idler;Puzzle;Capitalism;Great Soundtrack";6,99;81,91;1521;1306;Playable;45630;108;No
1238060;Dead Space™ 3;18/6/2020;Action;"Action;Horror;Online Co-Op;Sci-fi;Co-op;Shooter;Third-Person Shooter;Survival;Space;Dark;Singleplayer;Multiplayer;Survival Horror;Futuristic;Thriller;Third Person;Gore;Crafting;Combat;Violent";19,99;71,42;14462;10512;Playable;433860;156;No
367520;Hollow Knight;24/2/2017;Action;"Metroidvania;Platformer;Souls-like;Difficult;Great Soundtrack;2D;Indie;Singleplayer;Exploration;Atmospheric;Adventure;Story Rich;Hand-drawn;Multiple Endings;Action;Dark Fantasy;Open World;Cute;Controller;Side Scroller";14,99;96,03;543091;526327;Verified;16292730;7854;No
3398110;The Walking Trade;5/3/2026;Indie;"Management;Simulation;Economy;Post-apocalyptic;Sandbox;Building;Capitalism;Crafting;Immersive Sim;FPS;Survival;Base Building;Physics;Shooter;3D;Dark Humor;Horror;Zombies;Stylized;Singleplayer";11,99;83,38;2209;1947;Playable;66270;382;No
2943650;FragPunk;6/3/2025;Action;"Free to Play;FPS;Multiplayer;Hero Shooter;Action;Team-Based;Shooter;PvP;Futuristic;Stylized;Sci-fi;3D;First-Person;Sexual Content;Adventure;Combat;Cyberpunk;Online Co-op;Co-op;Nudity";0;73,4;49352;36688;Playable;1480560;2089;No
1173780;FINAL FANTASY II;28/7/2021;RPG;"RPG;JRPG;Party-Based RPG;Exploration;2D;Turn-Based Combat;Fantasy;Class-Based;Pixel Graphics;Magic;Retro;Adventure;Singleplayer;Nostalgia;Remake;Emotional;Lore-Rich;Story Rich;Turn-Based";11,99;79,03;3288;2690;Verified;98640;103;No
3164330;Infinity Nikki;28/4/2025;Action;"Relaxing;Cute;Open World;Casual;RPG;Multiplayer;Co-op;Simulation;Life Sim;Farming Sim;Free to Play;Crafting;Puzzle;Agriculture;Sandbox;Building;Exploration;Fantasy;Pixel Graphics;Fishing";0;55,48;9932;5547;Playable;297960;1720;No
204360;Castle Crashers®;26/9/2012;Action;"2D;Online Co-Op;Co-op;Beat 'em up;Hack and Slash;Funny;Adventure;4 Player Local;Local Co-Op;Multiplayer;Local Multiplayer;Action;Singleplayer;Cartoony;Medieval;Cute;Comedy;Arcade;RPG;Casual";14,99;94,87;137332;132088;Verified;4119960;792;No
1934680;Age of Mythology: Retold;4/9/2024;Strategy;"Strategy;RTS;3D;Base Building;Story Rich;Mythology;Lore-Rich;Resource Management;Singleplayer;Fantasy;PvE;Top-Down;Level Editor;Multiplayer;Moddable;Action RTS;PvP;Co-op;Online Co-op;Tutorial";29,99;88,48;22459;20316;Playable;673770;3490;No
1621690;Core Keeper;27/8/2024;Action;"Open World;Survival;Exploration;Multiplayer;Pixel Graphics;Sandbox;Crafting;Building;Co-op;Base Building;Action;Online Co-op;Procedural Generation;Adventure;Open World Survival Craft;Atmospheric;Combat;Singleplayer;Indie;2D";19,99;91,4;64518;55958;Verified;1935540;5142;No
617290;Remnant: From the Ashes;20/8/2019;Action;"Souls-like;Action;Co-op;RPG;Adventure;Third-Person Shooter;Multiplayer;Online Co-Op;Shooter;Post-apocalyptic;Survival;Difficult;Singleplayer;Lovecraftian;Dark Fantasy;Violent;Procedural Generation;Atmospheric;Replay Value;Horror";39,99;83,03;56665;47771;Verified;1699950;423;No
1389240;Age of Empires II: Definitive Edition - Lords of the West;26/1/2021;Strategy;"Strategy;RTS";34,99;74,92;774;610;Unknown;23220;0;Yes
1557210;Age of Empires II: Definitive Edition - Dawn of the Dukes;10/8/2021;Strategy;"Strategy;Historical;RTS";34,99;79,12;693;581;Unknown;20790;0;Yes
1869820;Age of Empires II: Definitive Edition - Dynasties of India;28/4/2022;Strategy;"Strategy;RTS";34,99;74,28;432;341;Unknown;12960;0;Yes
613830;CHRONO TRIGGER®;27/2/2018;RPG;"JRPG;RPG;Classic;Story Rich;Great Soundtrack;Time Travel;Singleplayer;Turn-Based;Pixel Graphics;Retro;Fantasy;2D;Multiple Endings;Anime;Sci-fi;Replay Value;Adventure;Action;Silent Protagonist;Turn-Based Combat";14,99;86,01;13065;11525;Playable;391950;245;No
3097300;Creature Kitchen;6/2/2026;Casual;"Puzzle;Cooking;Creature Collector;Cozy;Cute;Nature;First-Person;Relaxing;3D;Sandbox;Casual;Atmospheric;Indie;Singleplayer;Nonlinear;Stylized;Simulation;Family Friendly;Fantasy;Horror";7,99;96,21;7128;7103;Verified;213840;148;No
1824220;Chivalry 2;12/6/2022;Action;"Swordplay;Medieval;Massively Multiplayer;Multiplayer;Hack and Slash;Gore;Historical;Action;PvP;War;First-Person;Combat;Military;3D;Third Person;FPS;Wargame;Atmospheric;Comedy;3D Fighter";39,99;78,43;26242;44729;Playable;787260;2212;No
3274580;Anno 117: Pax Romana;12/11/2025;Simulation;"Strategy;City Builder;Simulation;Sandbox;RTS;Building;Economy;Choose Your Own Adventure;Exploration;Historical;Management;Political;Resource Management;Choices Matter;Multiplayer;Singleplayer;Rome;Artificial Intelligence;Story Rich;Online Co-op";59,99;68,59;12005;8374;Unsupported;360150;1978;No
1569580;Blue Prince;10/4/2025;Adventure;"Puzzle;Exploration;Mystery;Investigation;Roguelite;Singleplayer;Story Rich;First-Person;Indie;Adventure;Atmospheric;Rougelike;Escape Room;3D;Simulation;Strategy;Nonlinear;Stylized;Level Editor;Replay Value";29,99;84,63;18353;15882;Playable;550590;1676;No
339340;Resident Evil 0;19/1/2016;Action;"Horror;Zombies;Survival Horror;Adventure;Classic;Action;Singleplayer;Remake;Third Person;Atmospheric;Survival;Female Protagonist;Puzzle;Story Rich;Difficult;Gore;Third-Person Shooter;Multiplayer;Great Soundtrack;Shooter";19,99;78,84;18591;14950;Unsupported;557730;225;No
880940;Pummel Party;20/9/2018;Action;"Multiplayer;Funny;4 Player Local;Online Co-Op;Party Game;Board Game;Minigames;Local Multiplayer;Co-op;Casual;Party;Local Co-op;Action;Indie;Comedy;Tabletop;Controller;Gore;Colorful;Singleplayer";14,99;87,19;57121;50260;Playable;1713630;3847;No
1999360;Placid Plastic Duck Simulator;6/7/2022;Casual;"Cute;Relaxing;Collectathon;Physics;3D;Casual;Immersive Sim;Funny;Simulation;Colorful;Life Sim;Third Person;Surreal;Family Friendly;Atmospheric;Realistic;Memes;Idler;Singleplayer;1990's";1,99;95,18;19782;19307;Verified;593460;113;No
1817070;Marvel’s Spider-Man Remastered;12/8/2022;Action;"Open World;Superhero;Action;Singleplayer;Story Rich;Adventure;Combat;Action-Adventure;Third Person;Parkour;Comic Book;Exploration;Beautiful;Stealth;Great Soundtrack;Funny;Atmospheric;Sci-fi;Controller;Multiplayer";59,99;94,66;132585;127259;Verified;3977550;1731;No
1868140;DAVE THE DIVER;28/6/2023;Adventure;"Pixel Graphics;Management;Casual;Adventure;Relaxing;Exploration;Fishing;Singleplayer;RPG;Underwater;Simulation;Farming Sim;Story Rich;2D;Roguelite;Crafting;Funny;Agriculture;Action;Indie";19,99;95,45;150422;145521;Verified;4512660;6534;No
920560;Resident Evil 2 - Leon Costume: Arklay Sheriff;25/1/2019;Action;Action;2,99;80,5;162;144;Unknown;4860;0;Yes
920561;Resident Evil 2 - Leon Costume: Noir;25/1/2019;Action;Action;2,99;84,71;180;169;Unknown;5400;0;Yes
920562;Resident Evil 2 - Claire Costume: Military;25/1/2019;Action;Action;2,99;68,82;119;89;Unknown;3570;0;Yes
920563;Resident Evil 2 - Claire Costume: Noir;25/1/2019;Action;Action;2,99;80,27;138;123;Unknown;4140;0;Yes
920564;Resident Evil 2 - Claire Costume: Elza Walker;25/1/2019;Action;Action;2,99;83,18;236;215;Unknown;7080;0;Yes
920567;Resident Evil 2 - Original Ver. Soundtrack Swap;25/1/2019;Action;Action;2,99;82,89;396;354;Unknown;11880;0;Yes
920568;Resident Evil 2 - Deluxe Weapon: Samurai Edge - Albert Model;25/1/2019;Action;Action;1,99;70,52;175;133;Unknown;5250;0;Yes
1281040;Baby Steps;23/9/2025;Action;"Walking Simulator;Action;Adventure;Exploration;Comedy;Casual;Funny;Third Person;Comedy;3D;Physics;Singleplayer;Indie;Controller;Difficult;Psychological Horror;Nature;Satire;Horror;Sexual Content;Dating Sim";19,99;86,91;2362;2146;Verified;70860;76;No
3645890;GONE Fishing;16/6/2025;Action;"Action;Adventure;Horror;Multiplayer;Fishing;First-Person;Online Co-Op;3D;Co-op;Atmospheric;Dark;Survival Horror;Indie;Nature;Early Access;Singleplayer";9,99;86,91;3043;2755;Playable;91290;259;No
620980;Beat Saber;21/5/2019;Indie;"VR;Rhythm;Music;Moddable;Fast-Paced;Difficult;Multiplayer;Singleplayer;First-Person;Swordplay;Indie;Sports;Action;Great Soundtrack;Futuristic;Casual;Music-Based Procedural Generation;PvP;Early Access;Nudity";29,99;93,98;76014;72612;Unsupported;2280420;412;No
2373990;Solo Leveling: ARISE OVERDRIVE;24/11/2025;Action;"Action;Anime;Action RPG;Online Co-Op;Combat;Hack and Slash;Story Rich;Singleplayer;RPG;PvE;Controller;Co-op;Third Person;Multiplayer;Cartoony;Fantasy;Modern;3D;PvP;Souls-like";39,99;69,74;7993;5687;Playable;239790;596;No
1846380;Need for Speed™ Unbound;2/12/2022;Action;"Racing;Multiplayer;Open World;Driving;Action;Singleplayer;Character Customization;Controller;Combat Racing;Arcade;Online Co-op;Casual;Simulation;Sports;Adventure;Atmospheric;Anime;Music;Immersive;Split Screen";69,99;59,9;57876;34887;Unsupported;1736280;918;No
2124120;SULFUR;28/10/2024;Action;"Early Access;Gun Customization;Stylized;Roguelite;Difficult;Dungeon Crawler;Boomer Shooter;Shooter;FPS;Roguelike;Extraction Shooter;Action RPG;RPG;2D;3D;Action-Adventure;First-Person;Dark Humor;Cooking;Action Rougelike;Singleplayer";20,44;84,26;8674;7516;Verified;260220;572;No
1451090;Tactics Ogre: Reborn;11/11/2022;RPG;"Tactical RPG;Turn-Based Tactics;Strategy RPG;RPG;Simulation;2.5D;JRPG;Turn-Based;Fantasy;Singleplayer;Turn-Based Combat;Pixel Graphics;Turn-Based Strategy;Party-Based RPG;Story Rich;Isometric;Great Soundtrack;Remake;Retro;Anime";49,99;71,53;4428;3250;Verified;132840;306;No
2956680;LORT;21/1/2026;Action;"Early Access;Online Co-Op;Action Roguelike;Third-Person Shooter;Multiplayer;Roguelite;Co-op;Action;Singleplayer;Funny;Difficult;PvE;Procedural Generation;Looter Shooter;3D;Third Person;Choices Matter;Controller;Fantasy;Magic;Combat";14,99;75,36;4019;3120;Playable;120570;356;No
1604030;V Rising;8/5/2024;Action;"Survival;Open World;Base Building;Vampires;Multiplayer;Crafting;Online Co-Op;PvE;PvP;Hack and Slash;Building;Sandbox;Exploration;Massively Multiplayer;Dark Fantasy;Singleplayer;Action-Adventure;Adventure;Action;Co-op";34,99;87,8;134407;119510;Verified;4032210;10382;No
322330;Don't Starve Together;21/4/2016;Action;"Survival;Open World Survival Craft;Multiplayer;Co-op;Open World;Adventure;Crafting;Online Co-Op;Sandbox;Difficult;Indie;2D;Atmospheric;Survival Horror;Funny;Strategy;Horror;Singleplayer;Action;Rougelike";14,99;94,18;531893;505454;Verified;15956790;42562;No
573090;Stormworks: Build and Rescue;17/9/2020;Simulation;"Sandbox;Building;Open World;Base Building;Immersive Sim;Physics;Flight;Automation;Programming;Sailing;Exploration;PvP;Naval;Trains;Survival;Tutorial;First-Person;Open World Survival Craft;Third Person;Character Customization";24,99;88,94;58440;52845;Playable;1753200;1920;No
784080;MechWarrior 5: Mercenaries;27/5/2021;Action;"Mechs;Simulation;FPS;Action;Shooter;Co-op;Vehicular Combat;First-Person;Moddable;Singleplayer;Destruction;3D;Online Co-op;Combat;Futuristic;Tutorial;Economy;Management;PvE;Resource Management";29,99;82,86;14900;12634;Playable;447000;2562;No
220200;Kerbal Space Program;27/4/2015;Indie;"Space;Simulation;Sandbox;Physics;Science;Space Sim;Building;Moddable;Education;Indie;Signleplayer;Open World;Exploration;Funny;Sci-fi;Difficult;Adventure;Strategy;Replay Value;Comedy";39,99;94,2;141102;134727;Playable;4233060;9698;No
2198150;Tiny Glade;23/9/2024;Casual;"Building;Design & Illustration;Relaxing;Sandbox;Cozy;Casual;Medieval;Cute;Indie;Procedural Generation;Experimental;Nature;Family Friendly;Simulation;First-Person;Top-Down;Colorful;Singleplayer;Stylized;Atmospheric";14,99;95;23750;23104;Verified;712500;302;No
1888160;ARMORED CORE™ VI FIRES OF RUBICON™;24/8/2023;Action;"Mechs;Character Customization;Action;Robots;Third Person;Combat;Fast-Paced;Souls-like;Sci-fi;3D;Multiplayer;Futuristic;Post-apocalyptic;Singleplayer;Difficult;Vehicular Combat;Soundtrack;Military;Action-Adventure;Atmospheric";59,99;90,29;83584;76613;Playable;2507520;1384;No
1203220;NARAKA: BLADEPOINT;12/8/2021;Action;"Battle Royale;Multiplayer;Martial Arts;PvP;Action;Female Protagonist;Character Customization;Massively Multiplayer;Fighting;Survival;Third Person;Swordplay;Hack and Slash;Anime;Free to Play;Parkour;Adventure;Violent;Gore;Open World";0;68,81;340287;235551;Playable;10208610;66739;No
1757300;Jump Space;19/9/2025;Action;"Co-op;PvE;Space;FPS;Sci-fi;Action;First-Person;Exploration;Roguelite;Shooter;Adventure;Spaceships;Early Access;Multiplayer;Action Roguelike;Indie;Flight;Dark;Combat;Atmospheric";19,99;83,89;10838;9331;Playable;325140;707;No
392160;X4: Foundations;30/11/2018;Action;"Space;Simulation;Open World;Exploration;Space Sim;Sandbox;Sci-fi;Strategy;4X;Moddable;Economy;Trading;Flight;Atmospheric;Singleplayer;3D;First-Person;Building;Management;Action";49,99;78,59;28572;22844;Verified;857160;3097;No
961200;Predecessor;20/8/2024;Action;"MOBA;Third Person;Action;Competitive;Sci-fi;PvP;PvE;Hero Shooter;eSports;Character Customization;Strategy;3D;Team-Based;Controller;Realistic;Fantasy;Tactical;Combat;Massively Multiplayer;Third-Person Shooter";0;70,75;16910;12162;Playable;507300;3032;No
1845910;Dragon Age™: The Veilguard;31/10/2024;Action;"LGBTQ+;Fantasy;Singleplayer;RPG;Politics;Action RPG;Strategy;CRPG;Turn-Based Tactics;Character Customization;Third Person;Action;Adventure;Dragons;Romance;Magic;Story Rich;Multiple Endings;Lore-Rich;Choices Matter";59,99;67,69;44212;30252;Verified;1326360;591;No
218620;PAYDAY 2;13/8/2013;Action;"Co-op;Action;FPS;Heist;Multiplayer;Looter Shooter;Online Co-Op;Stealth;Crime;Shooter;Team-Based;First-Person;Great Soundtrack;Gun Customization;Tactical;PvE;Strategy;Singleplayer;Funny;Simulation";9,99;88,62;672622;600720;Verified;20178660;34110;No
1820000;Homura Hime;4/3/2026;Action;"Female Protagonist;Spectacle fighter;Bullet Hell;Hack and Slash;Anime;Action RPG;Character Action Game;3D Fighter;Cute;3D;Action;Story Rich;Singleplayer;Atmospheric;Indie;Souls-like;Remake;Vikings";24,99;85,89;2190;1967;Playable;65700;119;No
244850;Space Engineers;28/2/2019;Action;"Sandbox;Space;Building;Survival;Simulation;Physics;Open World;Base Building;Multiplayer;Singleplayer;Co-op;Moddable;PvP;Space Sim;Combat;Action;Exploration;PvE;Strategy;Realistic";19,99;87,43;136536;120877;Unsupported;4096080;4908;No
570940;DARK SOULS™: REMASTERED;23/5/2018;Action;"Souls-like;Dark Fantasy;RPG;Difficult;Action;Dark;Fantasy;Atmospheric;Great Soundtrack;Action RPG;Lore-Rich;Adventure;Multiplayer;Exploration;Third Person;Story Rich;Replay Value;Character Customization;Soundtrack;Co-op";39,99;91,26;150801;139393;Playable;4524030;3547;No
2417610;METAL GEAR SOLID ?: SNAKE EATER;28/8/2025;Action;"Stealth;Action;Story Rich;Cinematic;Cold War;Remake;Military;Singleplayer;Third-Person Shooter;Action-Adventure;Tactical;Survival;3D;Adventure;Third Person;War;Violent;Exploration;Great Soundtrack;Tanks";69,99;82,23;17771;14931;Unsupported;533130;250;No
690790;DiRT Rally 2.0;26/2/2019;Racing;"Racing;Automobile Sim;Simulation;Multiplayer;VR;Driving;Sports;Offroad;Realistic;Difficult;Singleplayer;Controller;First-Person;Open World;Co-op;Family Friendly;TrackIR;Action;Adventure;Psychological Horror";19,99;87,23;47845;42457;Unsupported;1435350;943;No
3846120;MineMogul;4/12/2025;Indie;"Early Access;Automation;Building;Physics;Mining;Strategy;Simulation;Crafting;Management;Base Building;Sandbox;Resource Management;Underground;Indie;Casual;Open World;First-Person;Stylized;Nonlinear;Farming Sim;Nature";14,99;92,42;3785;3645;Playable;113550;261;No
3293260;Waterpark Simulator;22/8/2025;Casual;"Early Access;Immersive Sim;Simulation;Management;Singleplayer;Economy;Sandbox;Building;Capitalism;Base Building;Life Sim;Crafting;Funny;First-Person;Comedy;Inventory Management;Physics;Casual;Open World;3D;Realistic";12,99;93,12;10154;9746;Playable;304620;904;No
2325290;Sky: Children of the Light;10/4/2024;Adventure;"Early Access;Multiplayer;Cozy;Open World;Exploration;Adventure;Cute;Online Co-Op;Atmospheric;Massively Multiplayer;Wholesome;Emotional;Puzzle;Character Customization;Casual;Fantasy;Family Friendly;Stylized;Sandbox;Puzzle Platformer;Anime";0;85,35;23611;20575;Verified;708330;4497;No
2780980;LOCKDOWN Protocol;18/11/2025;Action;"Multiplayer;Social Deduction;Dialogue Heavy;Space;Investigation;Action;Casual;First-Person;Sci-fi;Team-Based;Puzzle;FPS;Real Time Tactics;PvP;3D;Strategy;Perma Death;Cute;Stylized;Time Management";9,99;84,4;19273;16624;Playable;578190;531;No
881020;Granblue Fantasy: Relink;1/2/2024;Action;"Anime;Action RPG;JRPG;Online Co-Op;Action;Multiplayer;Fantasy;RPG;Female Protagonist;Singleplayer;Third Person;Hack and Slash;Spectacle fighter;3D;Magic;Controller;Swordplay;PvE;Dragons;Tutorial";39,99;88,56;51619;46501;Playable;1548570;3519;No
965580;Root;24/9/2020;Indie;"Board Game;Tabletop;Strategy;War;Wargame;Cute;Indie;Turn-Based Strategy;PvP;Simulation;Multiplayer;Singleplayer;Asynchronous Multiplayer;Touch-Friendly;Card Game;Puzzle;Solitaire;Early Access;Top-Down;Cartoony";14,99;87,18;5308;4789;Verified;159240;226;No
2231380;Tom Clancy's Ghost Recon® Breakpoint;23/1/2023;Action;"Open World;Shooter;Singleplayer;Co-op;Multiplayer;Military;Action;Stealth;Third-Person Shooter;Tactical;Realistic;Online Co-op;Adventure;Third Person;Character Customization;FPS;Looter Shooter;Violent;Story Rich;First-Person";59,99;72,77;42369;31237;Unsupported;1271070;1965;No
1766060;HumanitZ;6/2/2026;Action;"Survival;Zombies;Open World;Multiplayer;Base Building;Crafting;Sandbox;Isometric;Post-apocalyptic;Shooter;PvP;RPG;Singleplayer;Online Co-op;Horror;Action;Survival Horror;Open World Survival Craft;Adventure;Combat";19,99;73,15;12866;9595;Unsupported;385980;2344;No
1238860;Battlefield 4™;11/6/2020;Action;"Multiplayer;FPS;Singleplayer;Shooter;Military;War;Action;First-Person;PvP;Co-op;Destruction;Violent;Massively Multiplayer;Controller;Tactical;Story Rich;Open World;Online Co-op;Strategy;Great Soundtrack";39,99;83,74;79782;67743;Playable;2393460;1168;No
774801;Crab Champions;1/4/2023;Action;"Early Access;Action Roguelike;Multiplayer;Soundtrack;Looter Shooter;Roguelike;Arcade;Third-Person Shooter;3D;Co-op;Bullet Hell;Shooter;Casual;Action;PvE;Platformer;Perma Death;Choices Matter;Memes;Roguelite;Relaxing";9,99;95,76;30489;29848;Playable;914670;931;No
1238810;Battlefield™ V;11/6/2020;Action;"FPS;Multiplayer;World War II;Singleplayer;Shooter;War;Military;First-Person;Massively Multiplayer;PvP;Combat;Open World;Historical;Action;Destruction;Battle Royale;Atmospheric;Violent;Sexual Content;Female Protagonist";49,99;70,17;266113;188024;Unsupported;7983390;6588;No
1089090;ONE PIECE: PIRATE WARRIORS 4;26/3/2020;Action;"Anime;Hack and Slash;Beat 'em up;Pirates;Fighting;Split Screen;Action;PvP;Arcade;Musou;Multiplayer;Co-op;Adventure;RPG;Local Co-op;Online Co-op;Controller;Comedy;Singleplayer;Open World";39,99;89,64;21574;19784;Verified;647220;478;No
460930;Tom Clancy's Ghost Recon® Wildlands;7/3/2017;Action;"Open World;Shooter;Multiplayer;Co-op;Singleplayer;Stealth;Tactical;Action;Military;Third-Person Shooter;FPS;Online Co-op;Third Person;Adventure;Survival;Strategy;Sandbox;First-Person;Atmospheric;PvP";49,99;78,75;104542;83282;Playable;3136260;1874;No
1158160;Coral Island;14/11/2023;Adventure;"Farming Sim;Life Sim;Relaxing;Dating Sim;Simulation;Agriculture;RPG;Character Customization;Crafting;Singleplayer;Building;Open World;Sandbox;Casual;Indie;Adventure;Fishing;Mining;LGBTQ+;Cartoony";29,99;86,85;26539;23526;Verified;796170;2711;No
361420;ASTRONEER;6/2/2019;Adventure;"Multiplayer;Open World Survival Craft;Open World;Space;Survival;Exploration;Base Building;Co-op;Sandbox;Adventure;Building;Crafting;Automation;Sci-fi;Singleplayer;Third Person;Colorful;Atmospheric;Simulation;Indie";29,99;90,76;138038;126924;Playable;4141140;1763;No
3115220;Town to City;26/5/2026;Indie;"City Builder;Building;Cozy;Voxel;Relaxing;Cute;Strategy;Management;Economy;Colorful;Casual;Sandbox;Family Friendly;Simulation;Resource Management;Singleplayer;Atmospheric;Indie;Soundtrack;Agriculture";29,99;94,44;6190;6060;Playable;185700;796;No
2273980;Orcs Must Die! Deathtrap;28/1/2025;Action;"Tower Defense;Co-op;Third-Person Shooter;Roguelite;Action;Strategy;Physics;Funny;Fantasy;PvE;Combat;Multiplayer;Online Co-op;Third Person;Hero Shooter;Action Rougelike;Singleplayer;Indie;Magic;Medieval";29,99;69,45;4513;3210;Playable;135390;195;No
2879840;Escape Simulator 2;27/10/2025;Adventure;"Co-op;Logic;Puzzle;Level Editor;Escape Room;Atmospheric;Adventure;Casual;Indie;First-Person;Hidden Object;Exploration;Online Co-op;Character Customization;Mystery;Simulation;Point & Click;Detective;Singleplayer;Investigation";19,99;88,75;4215;3885;Verified;126450;577;No
2104890;RoadCraft;20/5/2025;Adventure;"Simulation;Building;Driving;Physics;Online Co-Op;Adventure;Automobile Sim;Automation;Multiplayer;Nature;Exploration;Co-op;Destruction;Transportation;Immersive Sim;Realistic;3D;Modern;Base Building;Controller";39,99;73,54;15674;11739;Verified;470220;1480;No
1657630;Slime Rancher 2;23/9/2025;Action;"Cute;Relaxing;Open World;Singleplayer;Colorful;First-Person;Creature Collector;Adventure;Simulation;Casual;Family Friendly;Female Protagonist;3D;Fantasy;Building;FPS;Action-Adventure;Atmospheric;Action;Shooter";29,99;92,77;48237;45585;Verified;1447110;1281;No
1211020;Wobbly Life;18/9/2025;Action;"Adventure;Multiplayer;Open World;Sandbox;Simulation;Casual;Co-op;Funny;Action;Indie;Family Friendly;Physics;Split Screen;Online Co-op;Local Multiplayer;Early Access;Cute;Party;4 Player Local;Life Sim";23,23;95,16;34168;33212;Verified;1025040;960;No
3057670;Pluto;9/3/2026;Indie;"Strategy;Card Game;Roguelike;Deckbuilding;Dark Fantasy;Magic;Atmospheric;Singleplayer;2D;Indie;Fantasy;Hand-drawn;Roguelike Deckbuilder;Puzzle;Surreal";17,99;86,96;435;409;Playable;13050;32;No
529930;Banned Footage Vol.1;21/2/2017;Action;"Action;Adventure;Horror;Gore";9,99;70,13;558;411;Unknown;16740;0;Yes
530610;Banned Footage Vol.2;21/2/2017;Action;"Action;Adventure;Gore;Violent";14,99;69,8;643;470;Unknown;19290;0;Yes
540340;Resident Evil 7 - Season Pass;26/1/2017;Action;"Action;Adventure;Horror;Violent;Gore;Survival Horror;VR";29,99;61,83;695;443;Unknown;20850;0;Yes
564190;Not A Hero;12/12/2017;Action;"Adventure;Action;Gore;Violent;Horror;Survival Horror";0;80,46;1889;1586;Unknown;56670;0;Yes
1456360;Resident Evil Village - Trauma Pack;21/1/2021;Action;"Action;Gore;Violent;Horror";12,99;26,58;1109;259;Unknown;33270;0;Yes
1731080;Resident Evil Village - Winters’ Expansion;28/10/2022;Action;"Action;Gore;Violent;Horror;Survival Horror;Third Person;Third-Person Shooter";19,99;63,21;3527;2273;Unknown;105810;0;Yes
530611;End of Zoe;11/12/2017;Action;"Action;Adventure;Horror";14,99;82,65;1722;1490;Unknown;51660;0;Yes
2215200;LEGO® Batman™: Legacy of the Dark Knight;22/5/2026;Action;"Open World;Superhero;Co.op;Comic Book;Action-Adventure;Action;3D Platformer;Third Person;Funny;Multiplayer;Local Co-op;Adventure;Story Rich;Controller;Parody;Family Friendly;Singleplayer;Casual;Combat;Atmospheric";69,99;93,17;6755;6514;Verified;202650;22990;No
2646460;Soulmask;9/3/2026;Adventure;"Open World;Survival;Base Building;Colony Sim;Open World Survival Craft;Building;Automation;Resource Management;Sandbox;Hunting;War;Simulation;PvP;Crafting;Action-Adventure;3D;Third Person;Multiplayer;Exploration;Singleplayer";29,99;76,02;21482;16622;Playable;644460;6561;No
1384160;GUILTY GEAR -STRIVE-;11/6/2021;Action;"Fighting;2D Fighter;Great Soundtrack;Anime;PvP;2.5D;Arcade;Multiplayer;Lore-Rich;Action;2D;Local Multiplayer;Story Rich;3D;Combat;LGBTQ+;Fantasy;Cinematic;Casual;Singleplayer";39,99;86,67;65575;57720;Playable;1967250;3131;No
686810;Hell Let Loose;27/7/2021;Action;"Shooter;Realistic;World War II;Multiplayer;Singleplayer;FPS;War;Military;Action;Tactical;First-Person;Simulation;Massively Multiplayer;Gore;Historical;Strategy;PvP;Violent;Indie;Tanks";49,99;80,93;147146;120393;Playable;4414380;5283;No
1343400;RuneScape ®;14/10/2020;Massively Multiplayer;"Free to Play;MMORPG;Open World;Massively Multiplayer;RPG;Multiplayer;Fantasy;Character Customization;Adventure;Story Rich;PvE;PvP;Lore-Rich;Classic;Point & Click;Exploration;Great Soundtrack;Casual;Action;Singleplayer";0;80,55;26872;22044;Playable;806160;2235;No
1975580;Wild Woods;9/12/2024;Action;"Early Access;Co-op;Action Roguelike;Hack and Slash;Local Co-Op;Multiplayer;Online Co-Op;Casual;Arcade;Crafting;PvE;Cartoony;Colorful;Action;3D;Controller;Fantasy;Loot;Combat;Resource Management;Local Multiplayer";14,99;75,53;1881;1476;Verified;56430;31;No
2499860;DRAGON QUEST VII Reimagined;5/2/2026;Adventure;"RPG;JRPG;3D;Cute;Combat;Singleplayer;Turn-Based;Turn-Based Combat;Time Travel;Party-Based RPG;Dragons;Fantasy;Remake;Nostalgia;Silent Protagonist;Emotional;Story Rich;Magic;Atmospheric;Adventure";59,99;85,61;2521;2252;Verified;75630;410;No
